DateTime,Close,Volume_(BTC),Weighted_Price,neg_pol,neu_pol,pos_pol,compound,dt,Tweet_vol
2018-08-31 00:00:00+00:00,7023.71,6.011436807514723,6982.778955230624,0.042100840336134454,0.8433529411764705,0.11456302521008403,0.20574285714285712,2018-08-31 16:58:00.989399296+00:00,560.0
2018-09-01 00:00:00+00:00,7189.9,3.8503499497831135,7104.5352869073595,0.038354609929078014,0.8455886524822696,0.11605673758865248,0.2064,2018-09-01 12:39:40.526723584+00:00,810.0
2018-09-02 00:00:00+00:00,7278.96,2.6380513580471123,7237.373206620365,0.04686206896551724,0.8413505747126436,0.1117758620689655,0.15305172413793103,2018-09-02 12:12:46.322188544+00:00,849.0
2018-09-03 00:00:00+00:00,7257.1,2.209762647628635,7261.1018410237875,0.042859649122807014,0.8429005847953216,0.11422807017543861,0.19227192982456143,2018-09-03 12:18:54.093959680+00:00,935.0
2018-09-04 00:00:00+00:00,7356.43,3.369054602555957,7319.407393809892,0.038548571428571425,0.8421199999999999,0.11931428571428573,0.22283085714285716,2018-09-04 12:08:33.877256192+00:00,972.0
2018-09-05 00:00:00+00:00,6904.85,8.439747393534917,7131.790640110006,0.05134285714285714,0.8285142857142858,0.12015238095238095,0.201342380952381,2018-09-05 12:32:46.436285184+00:00,1006.0
2018-09-06 00:00:00+00:00,6457.73,10.950853754602194,6436.09195341166,0.033057894736842106,0.8478473684210527,0.1191157894736842,0.2544784210526316,2018-09-06 11:52:24.567901440+00:00,1012.0
2018-09-07 00:00:00+00:00,6400.95,5.1162541496234315,6446.167076287309,0.04513068181818181,0.8312727272727273,0.12360227272727271,0.2161977272727273,2018-09-07 11:54:44.602510592+00:00,975.0
2018-09-08 00:00:00+00:00,6175.3,3.936532493919474,6357.568714267543,0.04748837209302325,0.8428062015503877,0.10969767441860465,0.21642170542635658,2018-09-08 12:53:16.170912256+00:00,754.0
2018-09-09 00:00:00+00:00,6256.19,3.1472031170920345,6293.621986048414,0.0451978021978022,0.8442197802197801,0.11057692307692307,0.2009598901098901,2018-09-09 12:22:48.352668160+00:00,793.0
2018-09-10 00:00:00+00:00,6281.31,4.096645982041399,6285.567025948252,0.038637755102040816,0.8394591836734695,0.12191836734693878,0.22154948979591835,2018-09-10 12:11:24.068522496+00:00,894.0
2018-09-11 00:00:00+00:00,6283.23,5.554878391979239,6289.983476721108,0.033488888888888894,0.8477999999999999,0.1187111111111111,0.24917055555555556,2018-09-11 12:03:42.394463488+00:00,909.0
2018-09-12 00:00:00+00:00,6337.53,3.2016420665524628,6265.965242032692,0.04230769230769231,0.846625641025641,0.11105641025641025,0.19993076923076922,2018-09-12 12:17:14.989293568+00:00,976.0
2018-09-13 00:00:00+00:00,6470.63,5.488016520944993,6435.190893659731,0.035583710407239816,0.8313303167420814,0.13308597285067872,0.2616,2018-09-13 12:00:51.748942080+00:00,999.0
2018-09-14 00:00:00+00:00,6528.3,3.493618292394663,6499.038791525632,0.031107954545454543,0.8515795454545454,0.11730681818181819,0.2461176136363636,2018-09-14 12:07:48.960674048+00:00,939.0
2018-09-15 00:00:00+00:00,6522.26,1.278954339102564,6519.591402290171,0.04341428571428571,0.8417857142857142,0.11479285714285713,0.21542714285714287,2018-09-15 12:01:40.769230592+00:00,731.0
2018-09-16 00:00:00+00:00,6492.68,0.9956994515964126,6482.269455232826,0.0406969696969697,0.8307348484848486,0.12858333333333333,0.22825378787878792,2018-09-16 12:29:46.385650176+00:00,706.0
2018-09-17 00:00:00+00:00,6249.57,3.392484595928792,6396.8562578442725,0.04670987654320988,0.8322222222222222,0.12106172839506174,0.18743765432098766,2018-09-17 12:41:54.520123904+00:00,894.0
2018-09-18 00:00:00+00:00,6345.09,3.1532179769970843,6293.8669465949715,0.038400000000000004,0.8475090909090909,0.11407272727272727,0.23490242424242422,2018-09-18 12:11:07.434402304+00:00,900.0
2018-09-19 00:00:00+00:00,6378.12,5.384027088074671,6334.24970597877,0.032892473118279565,0.8529193548387097,0.11419354838709679,0.2568983870967742,2018-09-19 12:18:15.373352704+00:00,975.0
2018-09-20 00:00:00+00:00,6490.2,3.843063660106914,6407.233919395653,0.02763461538461539,0.8708317307692307,0.10153846153846152,0.24990480769230772,2018-09-20 12:08:20.741268736+00:00,936.0
2018-09-21 00:00:00+00:00,6733.96,6.172264116856745,6649.205528236092,0.04356842105263159,0.8378421052631578,0.11858947368421055,0.24002473684210526,2018-09-21 11:59:32.837273856+00:00,895.0
2018-09-22 00:00:00+00:00,6701.24,4.104848426261957,6706.904328691978,0.029585714285714288,0.851157142857143,0.11926428571428574,0.25943285714285713,2018-09-22 11:50:36.114790144+00:00,721.0
2018-09-23 00:00:00+00:00,6717.85,2.8257850568601803,6707.522184687326,0.06124083769633507,0.8219685863874344,0.11677486910994764,0.11250523560209423,2018-09-23 12:10:14.374489088+00:00,825.0
2018-09-24 00:00:00+00:00,6599.69,3.0981858874415096,6639.284358429811,0.06632179930795848,0.8143391003460209,0.11933910034602077,0.08643875432525952,2018-09-24 12:24:48.950943232+00:00,971.0
2018-09-25 00:00:00+00:00,6388.19,5.7538153443939395,6418.901033910261,0.04792156862745098,0.8158921568627452,0.13620588235294118,0.21192009803921572,2018-09-25 12:08:45.867768576+00:00,958.0
2018-09-26 00:00:00+00:00,6463.3,3.306528211123675,6460.248032718091,0.03521717171717172,0.8476767676767677,0.1171010101010101,0.22087979797979798,2018-09-26 12:09:55.802120192+00:00,980.0
2018-09-27 00:00:00+00:00,6669.85,4.010663779708807,6512.154886712358,0.03626701570680628,0.8381937172774869,0.1255392670157068,0.2500036649214659,2018-09-27 12:07:39.673295360+00:00,930.0
2018-09-28 00:00:00+00:00,6613.86,5.642536218914728,6668.615472027343,0.03828888888888889,0.8542166666666667,0.10748888888888888,0.19261722222222225,2018-09-28 11:47:38.689217792+00:00,974.0
2018-09-29 00:00:00+00:00,6579.01,2.4306998389589443,6540.552845812097,0.03025974025974026,0.8643896103896103,0.10535064935064935,0.21245064935064933,2018-09-29 11:57:25.205278720+00:00,835.0
2018-09-30 00:00:00+00:00,6607.2,2.1174341577883853,6577.496478606921,0.03169343065693431,0.8636861313868613,0.1046131386861314,0.22164817518248175,2018-09-30 12:29:58.233890304+00:00,796.0
2018-10-01 00:00:00+00:00,6557.53,2.8430900764708036,6555.734537107414,0.06530567781690141,0.7513639964788732,0.18332526408450703,0.26952205105633803,2018-10-01 17:15:20.900603904+00:00,9919.0
2018-10-02 00:00:00+00:00,6533.41,3.3371949035746264,6542.004755344328,0.04340659340659341,0.8341758241758241,0.1224010989010989,0.23564670329670326,2018-10-02 12:20:38.238806016+00:00,852.0
2018-10-03 00:00:00+00:00,6433.78,3.4237267918066343,6449.582413745377,0.035459459459459455,0.8602,0.10435135135135135,0.21418432432432433,2018-10-03 12:12:11.771347968+00:00,820.0
2018-10-04 00:00:00+00:00,6556.24,2.9762549438095234,6543.365807756349,0.04423684210526316,0.8464605263157895,0.1092828947368421,0.1911559210526316,2018-10-04 11:43:33.160173056+00:00,862.0
2018-10-05 00:00:00+00:00,6583.96,2.9131136389347336,6543.089419048011,0.042331125827814564,0.824,0.1336754966887417,0.21643576158940395,2018-10-05 12:25:53.698424320+00:00,777.0
2018-10-06 00:00:00+00:00,6542.61,1.65429252966563,6557.505964690514,0.04004065040650407,0.8361382113821139,0.1238130081300813,0.24210243902439024,2018-10-06 12:04:19.175738624+00:00,736.0
2018-10-07 00:00:00+00:00,6538.43,1.3048173488722468,6532.743727665111,0.031602150537634405,0.8538064516129031,0.11459139784946236,0.19462903225806452,2018-10-07 11:48:21.251101440+00:00,604.0
2018-10-08 00:00:00+00:00,6607.78,4.00647975001542,6586.665764639861,0.039835526315789474,0.838375,0.12179605263157893,0.22071907894736845,2018-10-08 12:17:44.780261888+00:00,750.0
2018-10-09 00:00:00+00:00,6593.66,1.7463307689739662,6587.227521649388,0.04668115942028986,0.8286231884057971,0.12470289855072464,0.2055949275362319,2018-10-09 12:16:05.467075072+00:00,693.0
2018-10-10 00:00:00+00:00,6519.43,3.954795596844078,6518.159246589055,0.04803521126760564,0.8127535211267606,0.13921126760563382,0.2554070422535211,2018-10-10 12:08:05.307346432+00:00,732.0
2018-10-11 00:00:00+00:00,6182.21,6.610112776753155,6226.309937827489,0.046223463687150836,0.8366145251396649,0.11715642458100559,0.19901731843575418,2018-10-11 11:53:18.429172480+00:00,833.0
2018-10-12 00:00:00+00:00,6195.94,2.814445142133829,6200.105206752639,0.03075657894736842,0.8240394736842105,0.14519736842105263,0.25174473684210524,2018-10-12 11:43:20.698884864+00:00,794.0
2018-10-13 00:00:00+00:00,6201.5,1.7164318866724286,6195.522335665255,0.04530508474576271,0.8334661016949153,0.12123728813559322,0.19508135593220338,2018-10-13 11:52:00.207432960+00:00,687.0
2018-10-14 00:00:00+00:00,6201.08,2.2174823105185184,6227.034634300926,0.03590196078431373,0.8280392156862746,0.13604901960784313,0.2618598039215686,2018-10-14 12:25:52.111111168+00:00,717.0
2018-10-15 00:00:00+00:00,6426.11,12.52659102881674,6366.287132673953,0.05285882352941177,0.8230882352941177,0.12405882352941176,0.21202941176470588,2018-10-15 12:21:13.982683904+00:00,883.0
2018-10-16 00:00:00+00:00,6450.18,3.5173142497466467,6436.802614726379,0.02716265060240964,0.842433734939759,0.13040963855421686,0.2782710843373494,2018-10-16 12:12:14.888226560+00:00,896.0
2018-10-17 00:00:00+00:00,6438.71,2.5239756471536716,6439.214819855412,0.048128491620111735,0.8380279329608938,0.11382122905027935,0.20030335195530727,2018-10-17 11:49:36.926570752+00:00,942.0
2018-10-18 00:00:00+00:00,6381.76,3.0297995733067093,6427.607030085064,0.0405,0.8377681159420289,0.12171739130434783,0.23623985507246378,2018-10-18 12:38:08.146964736+00:00,774.0
2018-10-19 00:00:00+00:00,6384.24,2.075006044585726,6385.726132257998,0.025281249999999998,0.8417124999999999,0.13300625,0.31159187499999996,2018-10-19 12:19:11.714520320+00:00,834.0
2018-10-20 00:00:00+00:00,6412.63,1.2987043730237156,6396.369637105632,0.054404040404040406,0.8258787878787879,0.11971717171717172,0.19386767676767677,2018-10-20 12:17:34.328063232+00:00,648.0
2018-10-21 00:00:00+00:00,6417.78,1.3538651426845638,6433.997571913327,0.033280000000000004,0.83868,0.12804,0.29918100000000003,2018-10-21 12:28:58.561840640+00:00,610.0
2018-10-22 00:00:00+00:00,6404.92,2.0254342991996896,6405.045078432246,0.025429447852760738,0.8496319018404909,0.12492638036809815,0.3490263803680982,2018-10-22 12:16:49.743589888+00:00,767.0
2018-10-23 00:00:00+00:00,6387.92,2.3048121246310833,6395.7821832417585,0.032121794871794875,0.8235064102564101,0.14436538461538462,0.2982717948717949,2018-10-23 12:21:15.918367488+00:00,868.0
2018-10-24 00:00:00+00:00,6417.73,2.7912141924615383,6424.9420548843855,0.037972789115646256,0.8425374149659863,0.11948299319727891,0.27693333333333336,2018-10-24 12:05:32.261538304+00:00,846.0
2018-10-25 00:00:00+00:00,6408.45,2.545088096666667,6400.877031323113,0.04130065359477124,0.8507973856209152,0.10791503267973855,0.19723464052287584,2018-10-25 12:17:17.688679168+00:00,901.0
2018-10-26 00:00:00+00:00,6403.27,2.974788364208224,6400.926326346719,0.027251908396946568,0.8475572519083968,0.12519847328244277,0.2729083969465649,2018-10-26 12:24:18.110236416+00:00,850.0
2018-10-27 00:00:00+00:00,6413.55,0.9417709923654823,6406.12309731868,0.0342,0.8406454545454546,0.12516363636363637,0.2321918181818182,2018-10-27 12:33:01.279187712+00:00,679.0
2018-10-28 00:00:00+00:00,6401.0,0.8967658352517276,6402.42615946466,0.02928421052631579,0.8363157894736841,0.13440000000000002,0.26065368421052626,2018-10-28 12:17:28.904244736+00:00,547.0
2018-10-29 00:00:00+00:00,6265.13,4.077224448752904,6325.457079221688,0.03917391304347826,0.835695652173913,0.12515942028985505,0.2281695652173913,2018-10-29 12:22:32.393493504+00:00,808.0
2018-10-30 00:00:00+00:00,6269.46,1.9907564681895225,6264.198852038367,0.02683974358974359,0.8387051282051283,0.1344423076923077,0.29366923076923074,2018-10-30 12:32:59.167950592+00:00,922.0
2018-10-31 00:00:00+00:00,6304.07,4.155837470038168,6277.766561665954,0.038137755102040816,0.8231785714285714,0.1386683673469388,0.27679897959183675,2018-10-31 12:22:57.022900736+00:00,951.0
2018-11-01 00:00:00+00:00,6341.52,1.9112254084,6311.728093810469,0.04732727272727273,0.8275696969696968,0.12509696969696968,0.20560787878787878,2018-11-01 12:52:53.514893568+00:00,900.0
2018-11-02 00:00:00+00:00,6350.01,2.3066532304715444,6351.529040951626,0.05315032679738562,0.8462614379084968,0.10058823529411764,0.11415555555555557,2018-11-02 12:18:48.341463552+00:00,909.0
2018-11-03 00:00:00+00:00,6330.61,1.1672107851906781,6332.96366446144,0.05519791666666666,0.8343229166666667,0.11046875,0.11996250000000001,2018-11-03 12:50:52.754237184+00:00,652.0
2018-11-04 00:00:00+00:00,6421.76,2.7232652129077355,6370.165527223019,0.03680869565217391,0.8490695652173913,0.11413913043478262,0.1570313043478261,2018-11-04 12:51:15.992544512+00:00,749.0
2018-11-05 00:00:00+00:00,6404.11,1.9150032803924646,6404.1410916817895,0.035814102564102564,0.8359807692307692,0.1282051282051282,0.2545153846153846,2018-11-05 12:21:56.562009344+00:00,885.0
2018-11-06 00:00:00+00:00,6444.0,3.2540014797962162,6413.243759620305,0.041165829145728645,0.840497487437186,0.11835175879396985,0.2172562814070352,2018-11-06 12:13:37.074235648+00:00,972.0
2018-11-07 00:00:00+00:00,6500.08,3.6769232326057906,6506.875251633927,0.03492553191489362,0.8421382978723404,0.12294148936170213,0.2459462765957447,2018-11-07 11:52:00.979955456+00:00,1004.0
2018-11-08 00:00:00+00:00,6409.17,3.095022564203869,6448.338758025818,0.0491360946745562,0.8428639053254439,0.10801183431952661,0.13892366863905325,2018-11-08 12:16:35.669642752+00:00,897.0
2018-11-09 00:00:00+00:00,6329.57,2.556194429665399,6365.100886422129,0.049885135135135136,0.8353783783783784,0.11474999999999998,0.16776081081081082,2018-11-09 12:05:04.653992448+00:00,923.0
2018-11-10 00:00:00+00:00,6347.6,1.289411634269199,6354.571902483815,0.050145299145299145,0.8505042735042735,0.09934188034188035,0.11038803418803421,2018-11-10 11:42:45.235342848+00:00,759.0
2018-11-11 00:00:00+00:00,6359.0,1.5170602050086806,6337.463837335069,0.05138095238095238,0.8465714285714286,0.10207936507936506,0.12189206349206348,2018-11-11 12:41:08.541666560+00:00,795.0
2018-11-12 00:00:00+00:00,6318.0,2.7963263827503626,6350.385738895864,0.06054088050314465,0.8261132075471697,0.11335849056603772,0.1354314465408805,2018-11-12 12:17:29.085631232+00:00,878.0
2018-11-13 00:00:00+00:00,6261.21,2.6524210670425536,6289.6869924464545,0.05678021978021978,0.8307087912087912,0.11251648351648352,0.12017307692307692,2018-11-13 12:10:32.595744768+00:00,981.0
2018-11-14 00:00:00+00:00,5595.91,18.617864873985965,6005.214296694807,0.05956666666666667,0.8281333333333334,0.11230476190476192,0.14887380952380952,2018-11-14 12:20:54.231578880+00:00,1001.0
2018-11-15 00:00:00+00:00,5568.0,13.848537029803921,5493.778971884517,0.05423766816143497,0.8261748878923767,0.11960986547085202,0.15757085201793722,2018-11-15 12:01:51.926977792+00:00,1064.0
2018-11-16 00:00:00+00:00,5508.71,5.701469782319443,5530.715224247431,0.052681818181818184,0.832875,0.11444886363636364,0.13644261363636365,2018-11-16 12:04:00.791666688+00:00,1011.0
2018-11-17 00:00:00+00:00,5503.92,2.306048577820724,5485.09005537426,0.05425619834710744,0.8213057851239669,0.12445454545454544,0.15210743801652893,2018-11-17 12:09:01.825658112+00:00,785.0
2018-11-18 00:00:00+00:00,5559.26,2.1690557932485643,5534.666097580147,0.04068032786885246,0.8392540983606558,0.12009016393442623,0.20584262295081968,2018-11-18 12:41:52.469237248+00:00,827.0
2018-11-19 00:00:00+00:00,4735.44,20.293081086130584,5198.435531226666,0.04787437185929649,0.8406331658291457,0.11148743718592964,0.18349899497487435,2018-11-19 12:07:43.463917568+00:00,1127.0
2018-11-20 00:00:00+00:00,4352.0,27.9628674360573,4529.184057022988,0.04911155378486056,0.8401513944223108,0.11072509960159363,0.14156852589641436,2018-11-20 12:03:12.687585024+00:00,1097.0
2018-11-21 00:00:00+00:00,4555.02,14.71785328334705,4447.293916047668,0.05763425925925925,0.8195,0.12286574074074075,0.15893333333333334,2018-11-21 12:00:20.905349632+00:00,1026.0
2018-11-22 00:00:00+00:00,4275.23,7.520073791258135,4467.246417064424,0.050112299465240644,0.828764705882353,0.1211229946524064,0.17710374331550802,2018-11-22 12:04:30.021691904+00:00,982.0
2018-11-23 00:00:00+00:00,4288.26,9.507686124919749,4248.235353636566,0.042132596685082874,0.8408563535911602,0.11703314917127072,0.1817243093922652,2018-11-23 11:53:40.781576960+00:00,931.0
2018-11-24 00:00:00+00:00,3785.65,10.816921563756535,4196.793076074384,0.045135593220338985,0.8365141242937852,0.11835593220338982,0.1413,2018-11-24 12:17:16.534727424+00:00,897.0
2018-11-25 00:00:00+00:00,3938.89,19.09202178431989,3756.6846019991794,0.057629629629629635,0.8255925925925927,0.11678703703703704,0.1616087962962963,2018-11-25 11:57:01.230348544+00:00,1008.0
2018-11-26 00:00:00+00:00,3727.34,17.505453370788576,3851.819129597485,0.05082231404958677,0.8373140495867768,0.11185123966942148,0.1615367768595041,2018-11-26 11:57:49.680489472+00:00,992.0
2018-11-27 00:00:00+00:00,3774.01,11.87462148786249,3702.966712943499,0.04367487684729064,0.8375615763546796,0.11875862068965516,0.19715566502463053,2018-11-27 12:01:22.219196672+00:00,987.0
2018-11-28 00:00:00+00:00,4220.16,17.822410779832943,4191.680371829098,0.07003275785745905,0.7598702080566623,0.17009172200088535,0.24587442231075698,2018-11-28 17:39:50.854388224+00:00,24082.0
2018-11-29 00:00:00+00:00,4250.0,12.011365692824429,4233.397002596597,0.07065651229386787,0.7525739606991212,0.17676676212106252,0.26726794707218327,2018-11-29 12:17:17.661659904+00:00,43376.0
2018-11-30 00:00:00+00:00,3971.06,10.24230020451613,4074.5286627421456,0.05284153005464481,0.8322513661202187,0.11491256830601095,0.15966284153005464,2018-11-30 12:00:13.548387328+00:00,967.0
2018-12-01 00:00:00+00:00,4142.1,4.879044169461651,4081.319678337021,0.040817610062893084,0.8367421383647797,0.12244654088050315,0.2024918238993711,2018-12-01 12:09:28.628318464+00:00,846.0
2018-12-02 00:00:00+00:00,4087.18,5.258799474562822,4120.598950721822,0.03202097902097902,0.8335314685314685,0.13444055944055944,0.231793006993007,2018-12-02 12:01:45.011021312+00:00,784.0
2018-12-03 00:00:00+00:00,3834.34,7.875517902835409,3924.2362332802904,0.043309999999999994,0.8294849999999999,0.12723500000000001,0.23426650000000002,2018-12-03 12:04:56.680497920+00:00,909.0
2018-12-04 00:00:00+00:00,3903.52,8.949771626974847,3905.250171640313,0.038671361502347415,0.8296713615023474,0.1316338028169014,0.25912910798122063,2018-12-04 11:58:16.274642944+00:00,885.0
2018-12-05 00:00:00+00:00,3687.16,9.741021270846995,3802.3711916513657,0.05635820895522388,0.8350298507462687,0.10863184079601991,0.11590597014925373,2018-12-05 11:59:48.729508096+00:00,900.0
2018-12-06 00:00:00+00:00,3439.74,10.98835512243412,3694.923473987587,0.052179190751445094,0.8365260115606936,0.11129479768786125,0.14733757225433525,2018-12-06 11:56:19.764216320+00:00,893.0
2018-12-07 00:00:00+00:00,3384.58,18.623378914409397,3360.064633885906,0.046585470085470086,0.8273119658119659,0.1261196581196581,0.234641452991453,2018-12-07 11:59:30.402684416+00:00,948.0
2018-12-08 00:00:00+00:00,3397.75,7.52619765098442,3385.0351846919266,0.0476078431372549,0.8426405228758168,0.10975816993464052,0.13308823529411765,2018-12-08 11:56:20.949008384+00:00,795.0
2018-12-09 00:00:00+00:00,3535.25,6.166907750575915,3471.9186829669416,0.04476978417266187,0.8358920863309351,0.11935251798561154,0.18923309352517986,2018-12-09 12:20:26.387434496+00:00,810.0
2018-12-10 00:00:00+00:00,3409.57,7.579517384749471,3468.0223611547635,0.043274390243902436,0.8430121951219514,0.1137439024390244,0.17758231707317074,2018-12-10 12:02:35.737473536+00:00,848.0
2018-12-11 00:00:00+00:00,3353.42,6.5291337800845675,3364.4720150002827,0.048901734104046246,0.8317803468208093,0.11931791907514451,0.17647398843930637,2018-12-11 12:11:18.562368+00:00,900.0
2018-12-12 00:00:00+00:00,3434.53,5.4983227196886055,3398.5241667428168,0.04132631578947368,0.8286473684210526,0.13001052631578947,0.22688263157894734,2018-12-12 12:09:52.526539264+00:00,852.0
2018-12-13 00:00:00+00:00,3262.21,8.76065227674018,3360.2609804864233,0.04055348837209302,0.8483674418604651,0.11108837209302326,0.18050046511627907,2018-12-13 12:10:18.194348544+00:00,968.0
2018-12-14 00:00:00+00:00,3194.04,10.655348689265,3232.8505206662844,0.043888461538461536,0.8592884615384616,0.09681923076923077,0.17004615384615385,2018-12-14 12:07:18.449089792+00:00,1032.0
2018-12-15 00:00:00+00:00,3183.74,4.679614463847842,3179.1519341746884,0.03795673076923077,0.8641490384615385,0.09791826923076924,0.15871490384615383,2018-12-15 12:09:26.071689728+00:00,905.0
2018-12-16 00:00:00+00:00,3193.78,4.686759938553412,3217.318199047107,0.04431638418079096,0.8535932203389831,0.10209039548022598,0.1499045197740113,2018-12-16 11:53:28.620177920+00:00,839.0
2018-12-17 00:00:00+00:00,3497.62,11.89249300610613,3337.88530378153,0.047477064220183496,0.8256100917431193,0.12693119266055045,0.23133394495412846,2018-12-17 12:16:13.066850304+00:00,965.0
2018-12-18 00:00:00+00:00,3667.16,9.623221944605087,3508.4907611591034,0.03896279069767442,0.8271860465116281,0.13387441860465116,0.22756186046511626,2018-12-18 11:56:05.702811392+00:00,959.0
2018-12-19 00:00:00+00:00,3682.45,14.82994180988552,3748.7705929408753,0.05750239234449761,0.8098755980861244,0.13264114832535884,0.16562488038277512,2018-12-19 12:00:04.404040448+00:00,903.0
2018-12-20 00:00:00+00:00,4073.77,18.25860075242034,3924.582352207525,0.03513592233009709,0.8275533980582525,0.13731067961165047,0.26378883495145633,2018-12-20 12:01:34.698305024+00:00,922.0
2018-12-21 00:00:00+00:00,3841.08,11.742609266051213,3972.385305188477,0.03941052631578947,0.826178947368421,0.1344157894736842,0.24625473684210525,2018-12-21 12:00:05.781671168+00:00,896.0
2018-12-22 00:00:00+00:00,3972.13,5.626854033437058,3851.9951767603256,0.03971686746987952,0.8284819277108435,0.13182530120481928,0.20573855421686746,2018-12-22 12:03:52.701555968+00:00,814.0
2018-12-23 00:00:00+00:00,3941.52,3.511350958471712,3978.3034526315214,0.03915337423312883,0.8378957055214724,0.12296319018404908,0.19161901840490797,2018-12-23 11:53:57.354886144+00:00,834.0
2018-12-24 00:00:00+00:00,4034.55,8.489399452302989,4126.1005338427985,0.05243478260869565,0.8472826086956521,0.10029347826086957,0.11266413043478261,2018-12-24 11:53:56.657608704+00:00,872.0
2018-12-25 00:00:00+00:00,3774.0,8.328159118335627,3773.381735876204,0.04713855421686747,0.8175481927710845,0.13529518072289157,0.19066024096385542,2018-12-25 11:57:17.579092224+00:00,829.0
2018-12-26 00:00:00+00:00,3808.67,7.33816254861582,3778.7585820513423,0.042503816793893125,0.8369389312977099,0.12058015267175573,0.17191908396946565,2018-12-26 12:04:41.779661056+00:00,777.0
2018-12-27 00:00:00+00:00,3591.57,8.480087447838777,3717.3949438544823,0.046859872611464966,0.83,0.1231592356687898,0.18005541401273883,2018-12-27 12:05:30.604586496+00:00,898.0
2018-12-28 00:00:00+00:00,3884.63,9.610290446480057,3702.8706369885936,0.04929585798816568,0.8249349112426034,0.12576331360946744,0.19383076923076925,2018-12-28 12:06:36.403078912+00:00,846.0
2018-12-29 00:00:00+00:00,3722.21,5.318398573328313,3872.9520223093377,0.05609790209790209,0.8388811188811188,0.10500000000000001,0.14393916083916083,2018-12-29 12:16:33.795180544+00:00,756.0
2018-12-30 00:00:00+00:00,3827.55,4.527741118681236,3787.843438223587,0.054138364779874215,0.8222767295597485,0.12359119496855346,0.16333899371069183,2018-12-30 11:57:00.768651008+00:00,785.0
2018-12-31 00:00:00+00:00,3691.35,5.376705227336834,3757.0133308298573,0.05121511627906977,0.8332151162790697,0.1155813953488372,0.14789767441860466,2018-12-31 12:09:06.031507968+00:00,852.0
2019-01-01 00:00:00+00:00,3805.01,4.207065509580364,3700.4727353273956,0.044712230215827334,0.8446330935251799,0.11064748201438848,0.1530748201438849,2019-01-01 12:19:13.491686400+00:00,838.0
2019-01-02 00:00:00+00:00,3888.26,4.242749474560886,3824.258224015498,0.05655421686746988,0.8154819277108434,0.1279578313253012,0.16724578313253013,2019-01-02 12:22:38.922509312+00:00,831.0
2019-01-03 00:00:00+00:00,3784.56,3.691007258178382,3828.876921580423,0.04208673469387755,0.8068520408163267,0.15104591836734693,0.2420372448979592,2019-01-03 12:14:48.979591936+00:00,836.0
2019-01-04 00:00:00+00:00,3817.71,5.503933104799426,3784.506282598066,0.04343023255813954,0.8330988372093023,0.12347093023255815,0.22231860465116277,2019-01-04 12:03:28.968481280+00:00,782.0
2019-01-05 00:00:00+00:00,3792.5,3.05121901092,3834.10845577664,0.04718518518518519,0.8193111111111111,0.1335111111111111,0.18236814814814817,2019-01-05 12:02:24+00:00,692.0
2019-01-06 00:00:00+00:00,4040.71,4.404992336197628,3885.8154379151774,0.05303448275862069,0.8341172413793103,0.1128758620689655,0.14961655172413793,2019-01-06 12:44:42.118576896+00:00,639.0
2019-01-07 00:00:00+00:00,4006.87,5.5290006100571425,4022.3291495798576,0.048109195402298854,0.8153275862068965,0.13658045977011496,0.23464080459770115,2019-01-07 12:05:08.571428608+00:00,814.0
2019-01-08 00:00:00+00:00,3996.25,8.688202474694604,4006.9551765794745,0.04387978142076503,0.8334316939890712,0.12272677595628417,0.19069289617486337,2019-01-08 12:07:42.443181824+00:00,868.0
2019-01-09 00:00:00+00:00,4002.6,5.518260204940766,4010.198355090174,0.04152,0.8266133333333333,0.1318711111111111,0.2610786666666667,2019-01-09 12:09:20.111498240+00:00,910.0
2019-01-10 00:00:00+00:00,3625.14,11.303589461316873,3792.753909178121,0.05376804123711341,0.8270463917525773,0.11918556701030927,0.17848298969072166,2019-01-10 12:03:09.753086464+00:00,845.0
2019-01-11 00:00:00+00:00,3634.33,7.652877151551247,3636.7224274774926,0.04321052631578948,0.8367526315789474,0.12004736842105262,0.20768263157894737,2019-01-11 12:02:51.149584384+00:00,844.0
2019-01-12 00:00:00+00:00,3616.55,2.7915363883375526,3626.3070306838817,0.04385714285714286,0.8513809523809525,0.10476190476190476,0.15302222222222223,2019-01-12 12:06:31.291139328+00:00,670.0
2019-01-13 00:00:00+00:00,3514.38,4.961838985700245,3575.6140209795253,0.04116393442622951,0.8359836065573771,0.12289344262295082,0.21654754098360657,2019-01-13 12:36:02.653562624+00:00,672.0
2019-01-14 00:00:00+00:00,3661.85,7.598115139075691,3584.2747602570603,0.0385586592178771,0.8225363128491621,0.1388994413407821,0.24468100558659217,2019-01-14 12:27:08.296943104+00:00,840.0
2019-01-15 00:00:00+00:00,3582.01,6.22140602007485,3639.9344413336075,0.035959537572254334,0.8257109826589596,0.13834104046242773,0.26559306358381507,2019-01-15 12:25:26.317365248+00:00,753.0
2019-01-16 00:00:00+00:00,3605.91,6.037515355831443,3610.389006622642,0.0766300673924313,0.7517580093312597,0.1716090202177294,0.23089009849663042,2019-01-16 15:52:50.176441600+00:00,22510.0
2019-01-17 00:00:00+00:00,3638.01,5.695896503115869,3603.8386742218677,0.0769956237797078,0.744852689692318,0.17814596377836128,0.24506872685652734,2019-01-17 13:09:50.195920384+00:00,35176.0
2019-01-18 00:00:00+00:00,3609.21,4.01688829890178,3613.9446175809962,0.07702797551252848,0.7499086702733485,0.17306342539863323,0.24007283599088838,2019-01-18 12:49:35.312455424+00:00,33750.0
2019-01-19 00:00:00+00:00,3681.0,3.4738659989266023,3682.335421981358,0.07163111647139904,0.7446650585802894,0.18370080978635428,0.2643292901447277,2019-01-19 13:13:56.443832064+00:00,27781.0
2019-01-20 00:00:00+00:00,3536.72,4.946339815200636,3586.3642465511575,0.08103146544104649,0.7422332508396677,0.17674049849743678,0.22759893052854868,2019-01-20 13:18:55.200636672+00:00,27246.0
2019-01-21 00:00:00+00:00,3531.51,4.428912050810867,3536.435556517142,0.07666825407941734,0.7464752433643813,0.17686280551859374,0.24119856432523287,2019-01-21 13:11:36.262166528+00:00,33774.0
2019-01-22 00:00:00+00:00,3576.81,6.007711043591438,3553.8669435709685,0.08217145020304219,0.74713689861656,0.17068807213159887,0.21976222726959874,2019-01-22 12:45:06.830477056+00:00,34587.0
2019-01-23 00:00:00+00:00,3552.32,5.380535005847201,3568.0091215951384,0.07847503782148262,0.750410122404071,0.17111092009352222,0.23241444092972083,2019-01-23 13:21:24.495942656+00:00,35687.0
2019-01-24 00:00:00+00:00,3570.73,3.8080490269735234,3556.500507882186,0.07691533709009436,0.7506587005227783,0.17242236404372327,0.23310950505804875,2019-01-24 13:12:09.193482496+00:00,34079.0
2019-01-25 00:00:00+00:00,3560.0,4.0636851600805155,3554.9773286925924,0.0697519396867223,0.751153857414727,0.1790921534182404,0.2529336261162348,2019-01-25 13:11:37.211243008+00:00,32125.0
2019-01-26 00:00:00+00:00,3555.56,2.2082279364290542,3571.1893992803716,0.07374685361939352,0.7397303826336683,0.18651685108539576,0.2644695413463975,2019-01-26 12:39:32.437500160+00:00,27685.0
2019-01-27 00:00:00+00:00,3533.23,3.587056772185146,3544.0894661674897,0.07240909526089037,0.7460025849688846,0.18159693633317378,0.25907809478219246,2019-01-27 13:00:06.646963456+00:00,25216.0
2019-01-28 00:00:00+00:00,3430.79,7.551956320822696,3436.948750003121,0.05870658682634731,0.8276586826347305,0.11365868263473053,0.140962874251497,2019-01-28 11:59:39.574468096+00:00,891.0
2019-01-29 00:00:00+00:00,3397.57,5.403285275269286,3397.9342496322415,0.049176100628930824,0.8205094339622641,0.13031446540880504,0.20049874213836477,2019-01-29 12:08:23.624454144+00:00,826.0
2019-01-30 00:00:00+00:00,3437.35,4.316843433131014,3423.910941874464,0.04644242424242424,0.8438848484848483,0.1097030303030303,0.1706909090909091,2019-01-30 12:18:28.601036288+00:00,894.0
2019-01-31 00:00:00+00:00,3411.99,4.3497618559798985,3424.3533265498927,0.042840764331210195,0.8377452229299361,0.11939490445859874,0.20726050955414016,2019-01-31 12:03:42.383345408+00:00,883.0
2019-02-01 00:00:00+00:00,3434.83,4.9020948895602015,3416.4431698625813,0.049673076923076924,0.8444294871794872,0.10590384615384615,0.16341666666666668,2019-02-01 12:03:48.709444864+00:00,873.0
2019-02-02 00:00:00+00:00,3462.82,2.452346381125,3432.136858878125,0.042818181818181825,0.8371233766233767,0.12006493506493508,0.18494935064935064,2019-02-02 12:09:18.515625216+00:00,769.0
2019-02-03 00:00:00+00:00,3415.1,2.355682054106434,3424.835351141779,0.04931914893617022,0.847808510638298,0.10288652482269502,0.1204886524822695,2019-02-03 12:11:08.864177920+00:00,776.0
2019-02-04 00:00:00+00:00,3410.91,2.553518800531997,3413.9471380680034,0.04729447852760736,0.8335398773006136,0.11918404907975459,0.17690306748466259,2019-02-04 12:30:26.044718592+00:00,908.0
2019-02-05 00:00:00+00:00,3429.09,3.2069543998232133,3419.390693595926,0.0397719298245614,0.8270175438596492,0.13322807017543858,0.221272514619883,2019-02-05 12:08:03.643351040+00:00,865.0
2019-02-06 00:00:00+00:00,3368.06,4.878447321359585,3371.448169421248,0.04151941747572815,0.8358058252427184,0.12265533980582524,0.2345087378640777,2019-02-06 12:12:39.316493312+00:00,942.0
2019-02-07 00:00:00+00:00,3359.33,3.3584395988564855,3366.1552142065234,0.04603296703296703,0.8291923076923078,0.12478571428571428,0.2261934065934066,2019-02-07 12:26:05.617805056+00:00,874.0
2019-02-08 00:00:00+00:00,3620.08,10.869164413023933,3456.658918319507,0.03520886075949368,0.8155126582278481,0.14925949367088606,0.27597468354430377,2019-02-08 12:24:10.572878848+00:00,953.0
2019-02-09 00:00:00+00:00,3621.1,3.0878461130527084,3614.9000609238656,0.05622641509433962,0.8285094339622642,0.11523899371069182,0.15248616352201258,2019-02-09 11:49:56.486090752+00:00,825.0
2019-02-10 00:00:00+00:00,3650.77,3.2324388797872343,3607.836614551824,0.038448,0.8427919999999999,0.1188,0.20022159999999997,2019-02-10 12:18:30.638297856+00:00,726.0
2019-02-11 00:00:00+00:00,3589.58,5.909760708709445,3595.0618343649603,0.041203883495145636,0.8170485436893205,0.14173786407766992,0.27070679611650483,2019-02-11 12:21:48.147079936+00:00,853.0
2019-02-12 00:00:00+00:00,3585.94,7.273659245063203,3577.9719301430478,0.02908949416342413,0.7869805447470818,0.18394941634241244,0.35497859922178987,2019-02-12 12:08:45.842696704+00:00,960.0
2019-02-13 00:00:00+00:00,3578.4,5.987593099490908,3581.9172720085817,0.030991902834008093,0.7952145748987854,0.17379352226720646,0.32319757085020245,2019-02-13 12:07:02.792727296+00:00,901.0
2019-02-14 00:00:00+00:00,3562.27,4.497886073508646,3568.8027614048992,0.03401158301158301,0.7942432432432432,0.17172972972972972,0.3078749034749035,2019-02-14 12:09:39.553314048+00:00,958.0
2019-02-15 00:00:00+00:00,3566.29,4.793096158257081,3570.505230677633,0.031385321100917435,0.8074633027522935,0.16114220183486241,0.2862201834862385,2019-02-15 12:04:45.010893312+00:00,894.0
2019-02-16 00:00:00+00:00,3581.78,2.8192976685589866,3587.715747431592,0.04149689440993789,0.8143975155279503,0.14409937888198757,0.2370490683229814,2019-02-16 12:11:12.541567744+00:00,769.0
2019-02-17 00:00:00+00:00,3625.6,4.107548818225176,3585.1382536867086,0.03461111111111111,0.8190656565656567,0.14633838383838385,0.2632843434343435,2019-02-17 12:35:48.647380736+00:00,891.0
2019-02-18 00:00:00+00:00,3868.1,11.00313535459661,3757.8620442682036,0.02689236111111111,0.7981770833333335,0.17494791666666665,0.36621041666666665,2019-02-18 12:10:08.420338944+00:00,1034.0
2019-02-19 00:00:00+00:00,3888.46,8.767772050749318,3901.080773872071,0.0349831223628692,0.796295358649789,0.16872151898734178,0.33377763713080166,2019-02-19 12:06:39.073569280+00:00,919.0
2019-02-20 00:00:00+00:00,3942.85,7.098383250112045,3910.8503474688378,0.03512558139534883,0.8019953488372094,0.16289302325581395,0.3209916279069767,2019-02-20 12:02:12.310924288+00:00,904.0
2019-02-21 00:00:00+00:00,3899.73,5.883052160315789,3906.335185651228,0.041929961089494164,0.7937587548638133,0.16434241245136189,0.29709416342412454,2019-02-21 11:59:45.389473536+00:00,996.0
2019-02-22 00:00:00+00:00,3939.82,4.934764925231549,3925.8264360665703,0.039738738738738746,0.8093423423423423,0.15094144144144145,0.26774954954954955,2019-02-22 12:21:05.991316992+00:00,894.0
2019-02-23 00:00:00+00:00,4113.53,6.4386098488575785,3985.5311011023605,0.04477272727272728,0.8110454545454545,0.1441900826446281,0.26234090909090907,2019-02-23 12:28:21.797410304+00:00,923.0
2019-02-24 00:00:00+00:00,3737.68,10.057281180182073,3985.064092255812,0.0465990099009901,0.8108415841584158,0.14256435643564355,0.2579039603960396,2019-02-24 12:08:55.252100864+00:00,886.0
2019-02-25 00:00:00+00:00,3818.46,6.4743629355698005,3793.2094644229346,0.029005524861878452,0.8209005524861879,0.15011049723756906,0.3113276243093923,2019-02-25 12:10:12.136752128+00:00,844.0
2019-02-26 00:00:00+00:00,3798.0,4.834304489184821,3799.5220965236117,0.046326086956521746,0.8105304347826088,0.14315217391304347,0.24733391304347824,2019-02-26 12:10:13.956430080+00:00,825.0
2019-02-27 00:00:00+00:00,3799.8,5.603860611524822,3794.9527865525533,0.037009302325581396,0.8140744186046512,0.1489441860465116,0.2843641860465116,2019-02-27 12:15:13.063829760+00:00,863.0
2019-02-28 00:00:00+00:00,3791.36,4.897706651205674,3810.4954783292196,0.037847715736040614,0.8260253807106599,0.13611167512690353,0.2731263959390863,2019-02-28 12:13:44.297872384+00:00,830.0
2019-03-01 00:00:00+00:00,3805.41,3.5458233367500003,3813.624708799926,0.038900552486187845,0.8124198895027624,0.14868508287292817,0.29657458563535916,2019-03-01 12:12:18.176470528+00:00,800.0
2019-03-02 00:00:00+00:00,3809.7,2.6192215059729946,3804.88633978189,0.03969182389937107,0.8143081761006289,0.146,0.25719119496855347,2019-03-02 11:59:06.386020864+00:00,751.0
2019-03-03 00:00:00+00:00,3785.9,2.208120487591802,3800.9986648514946,0.04197191011235955,0.823752808988764,0.13429775280898873,0.2179747191011236,2019-03-03 12:11:56.105892352+00:00,717.0
2019-03-04 00:00:00+00:00,3701.08,5.441650788090779,3723.517088896254,0.0436318407960199,0.8048606965174129,0.15151243781094528,0.277379104477612,2019-03-04 12:11:40.504322560+00:00,822.0
2019-03-05 00:00:00+00:00,3846.32,5.4978337035619465,3769.4855852059,0.03511792452830189,0.8118207547169811,0.15308490566037736,0.30489622641509434,2019-03-05 12:22:27.168141568+00:00,867.0
2019-03-06 00:00:00+00:00,3851.63,4.842266752275405,3839.4920181282773,0.03965546218487395,0.8146176470588234,0.14572689075630252,0.28196890756302523,2019-03-06 12:21:37.466863104+00:00,861.0
2019-03-07 00:00:00+00:00,3855.05,5.8015749360606055,3861.3268524377027,0.03598598130841122,0.8119112149532711,0.15210280373831778,0.29407803738317756,2019-03-07 12:07:01.268498944+00:00,898.0
2019-03-08 00:00:00+00:00,3843.42,5.569735791186072,3874.0632843231774,0.05242874109263657,0.7597019002375298,0.18786698337292163,0.31750095011876484,2019-03-08 12:18:44.396082688+00:00,2219.0
2019-03-09 00:00:00+00:00,3920.83,4.129963202428461,3891.3476981267595,0.04397474747474748,0.8098484848484849,0.14617171717171717,0.2562106060606061,2019-03-09 12:16:12.621809664+00:00,880.0
2019-03-10 00:00:00+00:00,3898.74,2.5196741796280993,3892.5350004412403,0.029917808219178086,0.8255890410958904,0.14450000000000002,0.2988684931506849,2019-03-10 12:08:06.942148608+00:00,701.0
2019-03-11 00:00:00+00:00,3851.2,5.064271833607408,3862.92766864963,0.04939090909090909,0.8143454545454546,0.13628636363636365,0.22377181818181818,2019-03-11 12:18:29.066666496+00:00,885.0
2019-03-12 00:00:00+00:00,3861.05,4.291255360624551,3847.370529673797,0.04596551724137931,0.8026436781609195,0.1513831417624521,0.28123295019157085,2019-03-12 11:52:23.474515456+00:00,920.0
2019-03-13 00:00:00+00:00,3851.05,3.4174075285371512,3852.85323731935,0.03902209944751381,0.8240331491712708,0.13694475138121545,0.24342375690607737,2019-03-13 12:25:53.869969152+00:00,862.0
2019-03-14 00:00:00+00:00,3855.27,3.9693336826331582,3850.18496976234,0.03636651583710407,0.8010316742081448,0.1625972850678733,0.3039285067873303,2019-03-14 12:12:32.408102144+00:00,944.0
2019-03-15 00:00:00+00:00,3901.21,4.935455804224834,3878.5693851077885,0.03943362831858407,0.8173849557522125,0.1431769911504425,0.27786327433628316,2019-03-15 12:27:28.479059456+00:00,929.0
2019-03-16 00:00:00+00:00,3990.79,5.1094058976052255,3978.5438556675617,0.04093684210526315,0.8221263157894737,0.13695789473684208,0.2761242105263158,2019-03-16 11:49:58.606676224+00:00,849.0
2019-03-17 00:00:00+00:00,3965.5,2.3030573138651316,3963.490457643092,0.03859534883720931,0.7757627906976745,0.18565116279069768,0.38068790697674415,2019-03-17 12:11:04.440789504+00:00,726.0
2019-03-18 00:00:00+00:00,3969.46,3.9485574053261656,3968.9420806688167,0.03661389961389962,0.779108108108108,0.18429729729729732,0.3619876447876447,2019-03-18 12:14:52.774193408+00:00,915.0
2019-03-19 00:00:00+00:00,3998.13,3.848213201906449,3976.996359380085,0.04500888888888888,0.8021866666666667,0.15280000000000002,0.26962444444444444,2019-03-19 12:01:29.383416064+00:00,882.0
2019-03-20 00:00:00+00:00,4033.15,4.65983648607595,3996.024604352813,0.06119205298013244,0.7858907284768212,0.1529337748344371,0.2469182119205298,2019-03-20 12:17:01.645569792+00:00,958.0
2019-03-21 00:00:00+00:00,3973.47,5.514703948025751,4005.1148278715305,0.04531645569620253,0.7845527426160337,0.1701181434599156,0.33415400843881854,2019-03-21 12:13:44.635193344+00:00,914.0
2019-03-22 00:00:00+00:00,3983.12,2.6210915368618943,3981.8285758722336,0.04047807017543859,0.7918771929824562,0.16764035087719298,0.34615438596491227,2019-03-22 12:17:41.648590080+00:00,888.0
2019-03-23 00:00:00+00:00,3982.52,1.7994583272045455,3980.3079404141663,0.04058,0.7886449999999999,0.17078000000000004,0.3394645,2019-03-23 12:14:59.818181888+00:00,823.0
2019-03-24 00:00:00+00:00,3972.71,1.7003337030246455,3968.3737094885732,0.041349112426035506,0.7953313609467456,0.16331952662721894,0.3246905325443787,2019-03-24 12:14:22.673637120+00:00,731.0
2019-03-25 00:00:00+00:00,3908.59,5.1930318906558535,3948.6464349102957,0.04294660194174757,0.8192184466019418,0.13783495145631067,0.24484660194174754,2019-03-25 12:18:28.899858944+00:00,864.0
2019-03-26 00:00:00+00:00,3920.67,3.205130546021352,3908.2684180106053,0.04389516129032258,0.7983387096774194,0.15776209677419356,0.3175995967741936,2019-03-26 12:18:37.580071168+00:00,927.0
2019-03-27 00:00:00+00:00,4026.75,5.828762015351426,3994.080023151775,0.04893859649122807,0.7949956140350878,0.15608333333333335,0.2977074561403509,2019-03-27 12:03:24.175365376+00:00,959.0
2019-03-28 00:00:00+00:00,4012.23,2.3947459521966024,4009.6297490963184,0.06411777777777777,0.7590577777777778,0.1768251851851852,0.28252659259259255,2019-03-28 16:24:49.514563072+00:00,3418.0
2019-03-29 00:00:00+00:00,4086.97,6.116261522558304,4058.237251280707,0.045517094017094015,0.8112777777777778,0.1432008547008547,0.2875405982905983,2019-03-29 12:04:00.466430976+00:00,956.0
2019-03-30 00:00:00+00:00,4094.92,3.030445208632544,4083.8982822686785,0.04967058823529411,0.7919705882352942,0.15837647058823529,0.2913382352941177,2019-03-30 11:55:14.300993280+00:00,785.0
2019-03-31 00:00:00+00:00,4094.17,1.9560942495518674,4088.235472244482,0.03589102564102564,0.8058974358974359,0.15822435897435896,0.3149538461538462,2019-03-31 12:38:23.800829952+00:00,711.0
2019-04-01 00:00:00+00:00,4138.19,5.156250572427458,4124.122536207644,0.035068669527896994,0.7916566523605151,0.1732832618025751,0.3699909871244635,2019-04-01 12:15:30.276008448+00:00,969.0
2019-04-02 00:00:00+00:00,4820.0,20.1344309346921,4622.93094918581,0.046502659574468086,0.7869202127659575,0.16657978723404254,0.3317832446808511,2019-04-02 12:08:34.979919872+00:00,1196.0
2019-04-03 00:00:00+00:00,5089.11,19.60390768414324,5037.109711286278,0.05459117647058823,0.7845088235294116,0.16090000000000002,0.29660441176470587,2019-04-03 12:04:34.297188608+00:00,1177.0
2019-04-04 00:00:00+00:00,4881.82,12.809112215694823,4972.7920813311985,0.04257471264367815,0.8095977011494253,0.14782375478927204,0.29994061302681996,2019-04-04 12:03:17.493188096+00:00,998.0
2019-04-05 00:00:00+00:00,5033.2,9.280827078435241,4976.317302359829,0.03308571428571428,0.8010285714285714,0.16589142857142855,0.3920545714285714,2019-04-05 12:06:22.248520704+00:00,1092.0
2019-04-06 00:00:00+00:00,5026.18,7.232788774671843,5044.38141802216,0.038013513513513515,0.8034639639639639,0.15853153153153154,0.3499887387387387,2019-04-06 12:11:12.745236480+00:00,945.0
2019-04-07 00:00:00+00:00,5180.23,7.542362557963224,5122.254456435997,0.040429292929292926,0.7879646464646465,0.17159090909090907,0.3081565656565657,2019-04-07 12:02:57.496463872+00:00,906.0
2019-04-08 00:00:00+00:00,5274.17,9.503694612223729,5237.522282421356,0.03693457943925233,0.7829221183800623,0.18014330218068536,0.3742336448598131,2019-04-08 12:06:46.657627136+00:00,1131.0
2019-04-09 00:00:00+00:00,5190.56,6.598438915202703,5224.211568447433,0.04170790378006873,0.8015807560137457,0.15673883161512028,0.3126158075601375,2019-04-09 12:05:07.702702848+00:00,1055.0
2019-04-10 00:00:00+00:00,5289.23,7.822643654240163,5266.872671141655,0.035789156626506016,0.807605421686747,0.15661144578313252,0.3369460843373494,2019-04-10 12:10:31.465400064+00:00,1065.0
2019-04-11 00:00:00+00:00,5043.64,10.452443756631158,5139.530950053263,0.046620370370370375,0.8035123456790122,0.14989506172839506,0.26466203703703706,2019-04-11 12:02:12.503329024+00:00,1098.0
2019-04-12 00:00:00+00:00,5085.48,5.816543322171822,5046.40485595732,0.04086274509803921,0.8015411764705882,0.1576078431372549,0.31119490196078436,2019-04-12 12:01:57.896907008+00:00,1020.0
2019-04-13 00:00:00+00:00,5064.11,3.2578974127649123,5085.035079581474,0.0538745247148289,0.7834676806083651,0.16266539923954373,0.2866091254752852,2019-04-13 11:56:34.231578880+00:00,941.0
2019-04-14 00:00:00+00:00,5167.09,2.477921235657427,5075.412405185857,0.04645378151260504,0.810390756302521,0.1431596638655462,0.2626168067226891,2019-04-14 12:09:41.620469248+00:00,944.0
2019-04-15 00:00:00+00:00,5043.45,5.401543758777624,5125.861736945994,0.03528947368421052,0.8093026315789474,0.15543092105263157,0.3252243421052632,2019-04-15 12:10:43.591160320+00:00,1168.0
2019-04-16 00:00:00+00:00,5196.97,5.526961130075394,5092.975059689171,0.04429729729729729,0.8036655405405405,0.1520439189189189,0.2678814189189189,2019-04-16 12:09:30.226182400+00:00,1065.0
2019-04-17 00:00:00+00:00,5221.7,4.958186952153209,5217.954095057902,0.03831772575250836,0.7975083612040134,0.16416722408026754,0.33052240802675587,2019-04-17 12:07:59.875776512+00:00,988.0
2019-04-18 00:00:00+00:00,5283.98,4.528286144143345,5261.780745335495,0.03615614617940199,0.8065215946843854,0.1573355481727575,0.3126056478405316,2019-04-18 12:05:51.358361600+00:00,1026.0
2019-04-19 00:00:00+00:00,5279.57,3.8969871308752584,5258.606366365196,0.03943769968051118,0.7940287539936103,0.16656230031948882,0.31670191693290733,2019-04-19 12:06:55.782219008+00:00,1009.0
2019-04-20 00:00:00+00:00,5297.71,2.714545980778773,5311.667355077326,0.044000000000000004,0.7816918032786885,0.1743213114754098,0.3027934426229508,2019-04-20 12:22:56.278428672+00:00,1063.0
2019-04-21 00:00:00+00:00,5292.18,3.338140541231394,5289.845139385724,0.04068865435356201,0.7425145118733509,0.2167968337730871,0.4025796833773087,2019-04-21 11:46:24.884979712+00:00,1248.0
2019-04-22 00:00:00+00:00,5405.64,5.051978465574555,5314.787496174692,0.044552380952380954,0.8002634920634921,0.1551968253968254,0.3017152380952381,2019-04-22 12:10:28.727770112+00:00,1006.0
2019-04-23 00:00:00+00:00,5552.87,7.098120086766868,5527.591210389645,0.0434,0.7896756756756756,0.16692972972972975,0.3247927027027027,2019-04-23 12:12:19.118236672+00:00,1127.0
2019-04-24 00:00:00+00:00,5443.21,7.636227171642611,5492.164376425636,0.03550146627565983,0.797492668621701,0.16703812316715544,0.3357041055718475,2019-04-24 12:04:37.319587840+00:00,1073.0
2019-04-25 00:00:00+00:00,5121.81,6.404297519407806,5436.951503943271,0.044255555555555555,0.7948111111111111,0.1609361111111111,0.3244847222222222,2019-04-25 12:07:15.302826496+00:00,1099.0
2019-04-26 00:00:00+00:00,5146.13,11.009926311521738,5148.804846442754,0.043143661971830984,0.7879521126760564,0.1689042253521127,0.3201194366197183,2019-04-26 11:56:18.893280512+00:00,1110.0
2019-04-27 00:00:00+00:00,5192.96,2.9044060026807643,5163.493029436152,0.045357377049180324,0.784672131147541,0.17000327868852458,0.3226498360655738,2019-04-27 11:58:30.859481600+00:00,1007.0
2019-04-28 00:00:00+00:00,5153.1,3.11998785475707,5171.207124036186,0.042104089219330856,0.792275092936803,0.16563940520446097,0.30057286245353154,2019-04-28 12:14:10.311820032+00:00,937.0
2019-04-29 00:00:00+00:00,5117.42,4.007238801320626,5154.896278880598,0.04013821138211382,0.7817669376693768,0.1780948509485095,0.33980650406504065,2019-04-29 12:13:21.075561728+00:00,1155.0
2019-04-30 00:00:00+00:00,5276.26,3.573150943337748,5195.781213827616,0.033297560975609757,0.7948658536585366,0.17183902439024393,0.3623595121951219,2019-04-30 12:06:59.245032960+00:00,1182.0
2019-05-01 00:00:00+00:00,5296.16,3.0342413498156993,5302.652119243071,0.04653179190751444,0.7894682080924857,0.16401734104046242,0.3222907514450867,2019-05-01 12:05:06.266211584+00:00,1160.0
2019-05-02 00:00:00+00:00,5396.3,4.192280158614865,5359.056611972297,0.04271164021164021,0.7863015873015873,0.17099470899470898,0.3460201058201058,2019-05-02 12:07:21.283783680+00:00,1193.0
2019-05-03 00:00:00+00:00,5671.47,8.82574595072787,5609.315208482427,0.04353070175438597,0.785717105263158,0.17074999999999999,0.3347581140350877,2019-05-03 12:06:22.937704704+00:00,1362.0
2019-05-04 00:00:00+00:00,5819.11,5.966524933388815,5689.050611692343,0.04585933503836317,0.7851611253196932,0.16897698209718667,0.3289501278772379,2019-05-04 12:05:54.926764288+00:00,1177.0
2019-05-05 00:00:00+00:00,5706.84,3.692475998951613,5724.038237090053,0.043794486215538844,0.7729298245614035,0.18324812030075188,0.3413972431077694,2019-05-05 12:06:30.403225856+00:00,1193.0
2019-05-06 00:00:00+00:00,5704.0,4.870861895524246,5658.021001616253,0.044816115702479335,0.7838305785123968,0.17135743801652895,0.31970495867768595,2019-05-06 12:04:49.384010240+00:00,1365.0
2019-05-07 00:00:00+00:00,5889.37,6.821521465984506,5857.650496906842,0.047106227106227104,0.7792326007326008,0.17366483516483516,0.3349635531135531,2019-05-07 12:09:59.418980096+00:00,1450.0
2019-05-08 00:00:00+00:00,5932.68,4.439661438584673,5842.590682695612,0.06800134228187919,0.7638026845637584,0.1681771812080537,0.2580096644295302,2019-05-08 12:14:21.841779968+00:00,1728.0
2019-05-09 00:00:00+00:00,6162.04,6.681889838244417,6038.285345499441,0.05043993993993995,0.7775690690690692,0.17201201201201202,0.31392057057057055,2019-05-09 12:07:11.091811584+00:00,1692.0
2019-05-10 00:00:00+00:00,6391.0,9.294933918418618,6308.902656241191,0.06917617036254839,0.7507240408306933,0.18010181274199227,0.26706108764519537,2019-05-10 16:01:39.102902528+00:00,49789.0
2019-05-11 00:00:00+00:00,7231.02,13.367052857922301,6780.1099341560375,0.06511004268010491,0.7511912634339486,0.18369465727361547,0.27779702267701956,2019-05-11 12:36:41.889237504+00:00,93739.0
2019-05-12 00:00:00+00:00,6985.83,21.20223371989856,7174.639218051782,0.06435978476001979,0.7547967281048986,0.1808436726867887,0.2740500463879268,2019-05-12 12:04:13.088817408+00:00,79140.0
2019-05-13 00:00:00+00:00,7930.9,20.293511245274143,7447.983010415691,0.06362429943085546,0.7568485901724812,0.17952417778163968,0.2727758265629752,2019-05-13 13:41:30.087326720+00:00,110562.0
2019-05-14 00:00:00+00:00,7932.37,15.081985587336442,7998.384433869803,0.060160737579871316,0.7597527913506822,0.18008516659665258,0.29582570695792526,2019-05-14 12:28:36.344381184+00:00,106224.0
2019-05-15 00:00:00+00:00,8196.76,11.448043128832104,8040.141066136532,0.06248185734102358,0.7580060110486482,0.17951020904821008,0.28285225231802585,2019-05-15 12:46:25.150032640+00:00,91127.0
2019-05-16 00:00:00+00:00,7831.36,12.481787971939026,7998.2441234757625,0.06694721802889798,0.748694872762562,0.18436774854431742,0.27800959402631015,2019-05-16 12:03:43.943821568+00:00,84734.0
2019-05-17 00:00:00+00:00,7237.57,19.526475773071788,7285.885355405651,0.07933007558348791,0.7494864475760681,0.17118713142667294,0.22493498989451538,2019-05-17 11:41:12.605000448+00:00,82777.0
2019-05-18 00:00:00+00:00,7295.58,5.232176832133209,7326.894101622121,0.0653586399627387,0.75477802359882,0.17986294829995345,0.269015987424313,2019-05-18 12:21:36.781555200+00:00,63245.0
2019-05-19 00:00:00+00:00,8224.7,9.460655752902126,7913.60331757828,0.06273268171083705,0.7549552282865388,0.18231127000787198,0.2840700997113618,2019-05-19 12:51:11.985043200+00:00,72426.0
2019-05-20 00:00:00+00:00,7918.7,10.15951114280739,7882.817479511868,0.07301768798396291,0.7564469163947958,0.170532211784128,0.2465939860854526,2019-05-20 14:33:07.320967680+00:00,56610.0
2019-05-21 00:00:00+00:00,7974.97,5.444977760148947,7948.5515144218925,0.07446632219966784,0.7573378588564047,0.16819384177365354,0.23234089842617242,2019-05-21 12:24:54.261460992+00:00,82299.0
2019-05-22 00:00:00+00:00,7716.84,5.725077989204083,7900.788776150389,0.06892082330483858,0.7576971256259164,0.17338564749495117,0.25283649542147346,2019-05-22 12:22:30.862312192+00:00,79806.0
2019-05-23 00:00:00+00:00,7906.47,6.207490048882342,7693.186046977698,0.06473663536488061,0.7607294850549317,0.1745299822009452,0.2620921377278586,2019-05-23 12:33:40.692321792+00:00,73263.0
2019-05-24 00:00:00+00:00,8041.83,6.85544608340236,7982.454214647023,0.06399926979583492,0.7517377106639017,0.18425971901743726,0.2885762596021848,2019-05-24 12:04:44.040539904+00:00,79385.0
2019-05-25 00:00:00+00:00,8082.33,2.564883743294689,8047.175670852181,0.07068223473556365,0.7513554893084538,0.17796433697692393,0.2565119944058003,2019-05-25 12:19:42.422435840+00:00,64188.0
2019-05-26 00:00:00+00:00,8668.58,6.164554762796044,8108.733307113806,0.06584068345323742,0.7508848920863309,0.18327370503597118,0.276406082733813,2019-05-26 13:26:09.511510784+00:00,70930.0
2019-05-27 00:00:00+00:00,8810.8,6.4430916804535565,8785.115678673776,0.06281910896403652,0.758497900287329,0.17867433930093776,0.27953381958258344,2019-05-27 13:00:17.925248256+00:00,77955.0
2019-05-28 00:00:00+00:00,8702.97,4.6007263695262965,8727.312871507353,0.05810405348934392,0.7599969852546116,0.18189543907826397,0.30221659602411793,2019-05-28 12:40:53.649334272+00:00,80661.0
2019-05-29 00:00:00+00:00,8670.28,5.260581080728302,8656.811380004252,0.06374604732002691,0.7541847947970397,0.18206747589145547,0.29259912256111237,2019-05-29 13:10:18.141960192+00:00,81249.0
2019-05-30 00:00:00+00:00,8266.67,11.34692129313819,8657.390844387053,0.06588138318234017,0.7514159499808599,0.18269761388286337,0.28896807196631363,2019-05-30 13:00:42.127855104+00:00,89755.0
2019-05-31 00:00:00+00:00,8509.15,7.709939221566968,8341.43836691129,0.07243948173902709,0.7560651689400018,0.17149329886184664,0.252324566877656,2019-05-31 12:24:09.544441600+00:00,76558.0
2019-06-01 00:00:00+00:00,8582.42,3.853828331096896,8542.883974089209,0.056826614617554984,0.7599196073126424,0.1832485216248599,0.3092865071696363,2019-06-01 12:23:06.720519680+00:00,61049.0
2019-06-02 00:00:00+00:00,8739.94,3.2480770659366924,8672.302091735153,0.060638660890712875,0.7613875208998327,0.17796663626690987,0.28789561103511174,2019-06-02 12:39:08.308253440+00:00,62386.0
2019-06-03 00:00:00+00:00,8474.95,6.179690130361202,8543.172449035104,0.06992433050293925,0.7625546048334422,0.16751753755715218,0.24959790986283475,2019-06-03 12:42:00.313520640+00:00,70472.0
2019-06-04 00:00:00+00:00,7643.81,12.257283692144437,7879.631150798037,0.07575221008840352,0.7537097958918356,0.1705351989079563,0.24624628835153406,2019-06-04 12:34:23.874805248+00:00,70896.0
2019-06-05 00:00:00+00:00,7785.27,6.49524297705097,7765.727614913335,0.07413908709159811,0.7534800792052166,0.17238134580587894,0.25040517906524185,2019-06-05 12:45:04.518794240+00:00,64905.0
2019-06-06 00:00:00+00:00,7727.99,6.063715968093788,7744.675719541147,0.06955090635523394,0.7490404814788277,0.1814062835852977,0.27866231281794085,2019-06-06 12:45:32.736261632+00:00,61386.0
2019-06-07 00:00:00+00:00,8026.87,7.419401938433719,7942.852711350692,0.07442754114748831,0.7529978578314113,0.17257163768788605,0.2471146345817416,2019-06-07 13:02:58.601163776+00:00,63186.0
2019-06-08 00:00:00+00:00,7935.9,3.9215715489313476,7940.467894079211,0.0672800846093714,0.7515208994344048,0.18119496942106958,0.2807766266611486,2019-06-08 12:20:11.899572480+00:00,111382.0
2019-06-09 00:00:00+00:00,7588.82,2.883289167921409,7800.341547216706,0.06698483846589835,0.7486974305686757,0.18431017381447196,0.2813072643113546,2019-06-09 12:55:26.110612480+00:00,50681.0
2019-06-10 00:00:00+00:00,7954.62,5.21972740551403,7819.350237346603,0.06374795875340208,0.7560749032084946,0.18017161804730325,0.2794869091884847,2019-06-10 12:34:25.004600064+00:00,58867.0
2019-06-11 00:00:00+00:00,7912.79,4.204554805150302,7888.651024587803,0.06151030700876596,0.7584780850978666,0.18000344234079177,0.29219725813553216,2019-06-11 12:47:22.743465728+00:00,84277.0
2019-06-12 00:00:00+00:00,8160.88,6.619085696045293,8039.197672065424,0.061313569155904926,0.7596416245554931,0.17903769417930002,0.29402224967246865,2019-06-12 12:58:01.850645760+00:00,60394.0
2019-06-13 00:00:00+00:00,8258.74,5.272034777327145,8167.757909485891,0.05952286704685229,0.7594535390808453,0.1810169965336017,0.29462918856461295,2019-06-13 12:51:20.653024768+00:00,62450.0
2019-06-14 00:00:00+00:00,8671.29,6.878660133775924,8352.455009030065,0.07059126457649605,0.7562920536275398,0.17311626283080792,0.2574174324418686,2019-06-14 13:21:09.782836480+00:00,71852.0
2019-06-15 00:00:00+00:00,8828.35,3.8599456649848918,8726.713681336305,0.06538751603957117,0.758792292727348,0.17581344426507722,0.272006660043876,2019-06-15 12:40:15.142182912+00:00,55648.0
2019-06-16 00:00:00+00:00,9063.63,10.388567344364343,9097.392437530318,0.06274719641140661,0.7530989711274876,0.18414774466873152,0.291216091708498,2019-06-16 12:34:32.807860736+00:00,69395.0
2019-06-17 00:00:00+00:00,9357.38,8.679569380650337,9236.655749732332,0.06078255764652164,0.7561158801082809,0.1830937673265712,0.2912428459606667,2019-06-17 13:17:45.665829632+00:00,194872.0
2019-06-18 00:00:00+00:00,9009.12,9.062026544053108,9151.481174932864,0.06558047855266996,0.7558211263495769,0.17859757805660928,0.27437115261161366,2019-06-18 13:12:31.890866944+00:00,78031.0
2019-06-19 00:00:00+00:00,9264.06,3.341850266368796,9134.434340308706,0.06195430239805794,0.7537316537086245,0.1843088278712725,0.2953028868549683,2019-06-19 12:37:01.576616448+00:00,67979.0
2019-06-20 00:00:00+00:00,9558.17,6.166447122380236,9353.329723451026,0.06141378317876559,0.7583516469459547,0.18023348257115446,0.291913869523505,2019-06-20 13:13:04.866005760+00:00,123831.0
2019-06-21 00:00:00+00:00,9916.17,8.41678617003432,9791.767149229878,0.0641772370880884,0.7557666508552136,0.1800568375233684,0.27751238315801224,2019-06-21 12:49:07.674321152+00:00,130864.0
2019-06-22 00:00:00+00:00,10480.88,10.870862809891296,10711.729948683927,0.06832120801962609,0.7511762329752135,0.18049928094069873,0.2735432154640048,2019-06-22 11:51:13.203197696+00:00,139192.0
2019-06-23 00:00:00+00:00,10857.44,5.4870290270343745,10745.747348995297,0.06143354267164225,0.7562413761718395,0.18231907405721917,0.30142907375383027,2019-06-23 12:49:57.247656192+00:00,72540.0
2019-06-24 00:00:00+00:00,10996.35,5.733632091680877,10858.600204213735,0.060843954157900566,0.7546343981840327,0.1845179382128225,0.30380845974975085,2019-06-24 13:00:16.124460032+00:00,119732.0
2019-06-25 00:00:00+00:00,11658.55,8.525620583501384,11308.031159835848,0.06447633765206212,0.7591137869646919,0.17640584511917715,0.28045553852240135,2019-06-25 13:18:01.560676608+00:00,91885.0
2019-06-26 00:00:00+00:00,12428.99,27.592762793928785,12727.618160926775,0.07532956323337679,0.7514264015645371,0.17324289439374188,0.23880071544980447,2019-06-26 13:28:23.954041600+00:00,141641.0
2019-06-27 00:00:00+00:00,11100.0,26.418491374172362,11781.811861250017,0.07295229409593294,0.7562052200725251,0.17083317047749336,0.25334425336025884,2019-06-27 12:45:23.821249280+00:00,103556.0
2019-06-28 00:00:00+00:00,12301.73,13.845921056514172,11662.807572143283,0.06584486401931995,0.7590170696232058,0.1751305469414638,0.27862776969730235,2019-06-28 12:31:33.817612800+00:00,82084.0
2019-06-29 00:00:00+00:00,12021.16,8.908619733140164,11874.100549515568,0.0630306603773585,0.7595196765498653,0.17744083557951482,0.2848463746630728,2019-06-29 12:23:12.070754816+00:00,67399.0
2019-06-30 00:00:00+00:00,10911.33,8.458332549880854,11521.985291008423,0.06450260969727512,0.7552087757820094,0.18028281919297365,0.2884899535653864,2019-06-30 13:02:21.351283456+00:00,64162.0
2019-07-01 00:00:00+00:00,10455.33,17.42792853740989,10656.50543561914,0.06010071494259693,0.7601339701563381,0.17975715684238627,0.29129435165682754,2019-07-01 12:50:55.777981952+00:00,79193.0
2019-07-02 00:00:00+00:00,10798.69,14.840949352246541,10297.27014609401,0.06717804566412977,0.7548617299038942,0.17795894672518195,0.27102681517693455,2019-07-02 12:49:30.461640960+00:00,84177.0
2019-07-03 00:00:00+00:00,11914.07,12.908266251993497,11294.901672802578,0.07212155474998562,0.7531051844179756,0.17477225386961276,0.25033381955233325,2019-07-03 12:38:46.721905920+00:00,128958.0
2019-07-04 00:00:00+00:00,11621.2,7.412306300081508,11786.893671813072,0.06554358318683075,0.7532788876458366,0.1811714559693144,0.2746919226466358,2019-07-04 12:32:31.468115456+00:00,113155.0
2019-07-05 00:00:00+00:00,10955.25,9.150675667741574,11154.476066084804,0.06380715961309812,0.7548353096179183,0.18135843054082718,0.28135242456377135,2019-07-05 12:34:18.343777280+00:00,71610.0
2019-07-06 00:00:00+00:00,11232.1,5.84894060535553,11412.860970870519,0.06470475077881621,0.7522041277258568,0.18308633177570097,0.2856422858255452,2019-07-06 12:25:22.306074880+00:00,59986.0
2019-07-07 00:00:00+00:00,11432.9,4.8901141370013645,11313.79315418924,0.0657407468673752,0.7500324635044044,0.1842238120838675,0.2943929531450312,2019-07-07 12:50:53.089615872+00:00,57396.0
2019-07-08 00:00:00+00:00,12328.96,9.49889257310346,11804.851038603774,0.07068620395795853,0.7509022188555377,0.17841034624246443,0.2628537796294543,2019-07-08 13:13:06.824895744+00:00,72547.0
2019-07-09 00:00:00+00:00,12580.68,10.514927770556024,12496.762931257797,0.06578845425683744,0.7522869251157778,0.18192162059825825,0.2753843911105933,2019-07-09 12:32:46.274429696+00:00,79010.0
2019-07-10 00:00:00+00:00,12085.69,14.951215384347059,12649.785442001184,0.0698547870596838,0.7515767165082327,0.17856726089916536,0.2600659245064172,2019-07-10 12:47:33.754255104+00:00,90203.0
2019-07-11 00:00:00+00:00,11325.4,13.221971529233485,11608.845189312004,0.07298743494637568,0.7485164323298544,0.17849843296241982,0.2466555708904799,2019-07-11 12:14:07.533601280+00:00,122920.0
2019-07-12 00:00:00+00:00,11814.23,6.638888662941516,11529.499276131968,0.08674449228561179,0.7386619842124148,0.17459818801578758,0.20753277359167563,2019-07-12 10:18:24.523143424+00:00,111618.0
2019-07-13 00:00:00+00:00,11285.82,6.6830110212520815,11436.782764045676,0.07455666198700578,0.7471002971040517,0.17833958013647194,0.25067625453002057,2019-07-13 12:21:45.539194624+00:00,69924.0
2019-07-14 00:00:00+00:00,10499.51,8.437865784005949,10835.10470788422,0.07499443234083757,0.7524313725490196,0.17257810284607666,0.23553600304319258,2019-07-14 13:04:45.928000512+00:00,66125.0
2019-07-15 00:00:00+00:00,10938.18,12.062181976787636,10439.32777055819,0.08193956733030255,0.7497408946020797,0.16831514866488997,0.2151775147619794,2019-07-15 13:16:55.762658816+00:00,81791.0
2019-07-16 00:00:00+00:00,9475.73,18.042742855149385,10353.903104255178,0.07659886408664641,0.751211623299432,0.17218827103420947,0.22579908598599924,2019-07-16 13:09:14.000264448+00:00,84278.0
2019-07-17 00:00:00+00:00,9743.44,12.776597806428265,9581.563283274487,0.07918507638072855,0.7478906633906633,0.1729252216643521,0.22597430830039525,2019-07-17 13:00:10.415553792+00:00,83294.0
2019-07-18 00:00:00+00:00,10619.8,15.050421943501581,10020.131575246249,0.0769469871959392,0.7506455071719851,0.17240328513987507,0.23009357515612971,2019-07-18 12:49:10.173667584+00:00,80450.0
2019-07-19 00:00:00+00:00,10487.4,11.031024524757429,10462.414986786272,0.07081175710594316,0.7499595607235142,0.17922432170542635,0.252633569121447,2019-07-19 12:35:44.779069440+00:00,76685.0
2019-07-20 00:00:00+00:00,11009.59,7.46579492150146,10673.798269821971,0.06741372262773722,0.7474239781021899,0.18515240875912412,0.27547098540145987,2019-07-20 12:45:48.249634816+00:00,67140.0
2019-07-21 00:00:00+00:00,10553.04,4.877605832679546,10575.53281975478,0.06156312090155888,0.7532223661993952,0.18521058624887113,0.2960019004986846,2019-07-21 12:42:54.166568448+00:00,60795.0
2019-07-22 00:00:00+00:00,10286.19,7.230163324289625,10448.433805989253,0.06742002703682944,0.7482022816446305,0.1843732071614626,0.27074296547858484,2019-07-22 12:44:31.324474880+00:00,74313.0
2019-07-23 00:00:00+00:00,10029.14,6.224818131278079,10069.441703640792,0.06954766781183931,0.7535087869978858,0.17694063821353065,0.2620900931553911,2019-07-23 12:47:49.271273728+00:00,71433.0
2019-07-24 00:00:00+00:00,9777.27,7.392519331156246,9710.554348568166,0.07394147681370174,0.7491986750686702,0.17686343512683797,0.2458719340765875,2019-07-24 12:45:47.773145856+00:00,73479.0
2019-07-25 00:00:00+00:00,9915.69,4.850289521653524,10009.44786816512,0.06422291065267902,0.7529889107934943,0.18279074843342957,0.27709220939238194,2019-07-25 12:32:54.493416960+00:00,66540.0
2019-07-26 00:00:00+00:00,9787.44,3.6400341398324736,9794.518775613755,0.06301369783052825,0.7095917307131043,0.22739326782760969,0.3188819846288549,2019-07-26 15:32:22.573402368+00:00,172804.0
2019-07-27 00:00:00+00:00,9445.0,6.822559791111356,9734.338171727033,0.06712016029787637,0.733290839670569,0.1995841721624436,0.2946471269445584,2019-07-27 11:11:11.804613376+00:00,80098.0
2019-07-28 00:00:00+00:00,9511.72,2.745706641778084,9483.756197507326,0.06536698887174072,0.7488325075136057,0.18579749817236615,0.29209762813743806,2019-07-28 12:52:56.822354176+00:00,54848.0
2019-07-29 00:00:00+00:00,9510.3,4.010801200324954,9533.4278825378,0.06541936898937067,0.7500729542770372,0.1845045722962713,0.2884396861818795,2019-07-29 12:36:29.142567680+00:00,68186.0
2019-07-30 00:00:00+00:00,9584.89,4.124763521500888,9547.290709327264,0.06249083948591742,0.7544905660377357,0.18301271534044297,0.28705689773038007,2019-07-30 12:44:37.631255296+00:00,68551.0
2019-07-31 00:00:00+00:00,10019.91,6.117433889163407,9855.860589142376,0.06991881133758836,0.7506767551986824,0.1794001784366207,0.25604301352000547,2019-07-31 12:47:24.659254784+00:00,70429.0
2019-08-01 00:00:00+00:00,10405.0,5.654387967484989,10075.720638741072,0.07123276987338467,0.7492867445503197,0.17947989818561547,0.2581171452812949,2019-08-01 12:49:12.879519488+00:00,71054.0
2019-08-02 00:00:00+00:00,10527.97,6.885355850044252,10480.064813585537,0.06183262857704789,0.7503123873209429,0.18785128003409055,0.2943954731700921,2019-08-02 12:39:24.989674752+00:00,71476.0
2019-08-03 00:00:00+00:00,10830.0,4.644736099688801,10774.76880631764,0.058022790374826466,0.7478873592472621,0.19408483726669754,0.31434914005861486,2019-08-03 12:20:33.114299136+00:00,58554.0
2019-08-04 00:00:00+00:00,10985.0,5.834218614552128,10818.207736614206,0.06117151101115967,0.7475517036534136,0.19127661560656853,0.308456850681037,2019-08-04 12:47:01.168583168+00:00,56715.0
2019-08-05 00:00:00+00:00,11790.0,11.689258657537938,11664.901259070708,0.07229534436763145,0.7461839304667107,0.18151992197584693,0.2571284616046585,2019-08-05 12:29:00.810647808+00:00,81815.0
2019-08-06 00:00:00+00:00,11294.97,11.976533066216298,11781.394789763017,0.07358851258031587,0.7474458956344201,0.17896072779679337,0.24818772593526692,2019-08-06 12:39:45.716087040+00:00,76360.0
2019-08-07 00:00:00+00:00,11971.36,11.391874107865721,11706.226555036206,0.07238405484028919,0.7403006422996053,0.18731394913447968,0.2803179671073476,2019-08-07 12:37:09.103948544+00:00,76340.0
2019-08-08 00:00:00+00:00,11815.53,7.334742367953183,11790.625605239233,0.07203048673651749,0.7497922696849704,0.17816848302204158,0.25721615797035424,2019-08-08 12:41:07.533377792+00:00,66147.0
2019-08-09 00:00:00+00:00,11818.54,5.939474052790526,11813.270329288447,0.07666619699409555,0.7440554213633924,0.1792804616210413,0.24034490740740744,2019-08-09 12:46:59.180756992+00:00,69071.0
2019-08-10 00:00:00+00:00,11292.04,6.516943730199834,11555.140754683895,0.06789375696366315,0.7311709736548898,0.20093271753585162,0.2954651906695899,2019-08-10 12:55:02.104733440+00:00,63233.0
2019-08-11 00:00:00+00:00,11500.0,3.1569775492548175,11376.267865629261,0.06028044264916267,0.7345412353782714,0.20517806951106626,0.3164670285281495,2019-08-11 13:11:19.876293888+00:00,55650.0
2019-08-12 00:00:00+00:00,11408.1,2.6547687451390036,11394.149899084232,0.0683338507174393,0.7380223854856511,0.19364186672185432,0.2734614652317881,2019-08-12 12:52:28.543046400+00:00,68820.0
2019-08-13 00:00:00+00:00,10857.93,7.6232439674869,11129.26421894506,0.07298341066123704,0.7414346940819119,0.18557575352982408,0.2503717647451517,2019-08-13 12:56:03.588904704+00:00,69103.0
2019-08-14 00:00:00+00:00,10215.59,8.587929588600621,10458.999015233854,0.08010283613128787,0.7428339612405437,0.1770592543476295,0.22796589408963502,2019-08-14 12:55:15.806986240+00:00,73501.0
2019-08-15 00:00:00+00:00,10391.57,11.03482836160552,10003.199961113469,0.08021243316329667,0.74883433716428,0.17095473541884337,0.2202177985372749,2019-08-15 12:21:06.443584+00:00,73122.0
2019-08-16 00:00:00+00:00,10413.2,8.12803760647022,10234.105683177178,0.07520872911322193,0.7456184219649171,0.17917219025168138,0.24887978575885739,2019-08-16 12:46:26.114539264+00:00,67849.0
2019-08-17 00:00:00+00:00,10238.95,3.036528299035349,10303.229858508837,0.06419289204458696,0.7257673308902123,0.21004447243854027,0.3086495533669263,2019-08-17 12:55:35.016033024+00:00,62204.0
2019-08-18 00:00:00+00:00,10348.71,2.707190658596499,10308.226924464567,0.07357312978466223,0.7390481264270045,0.18737865425079464,0.2579119801226664,2019-08-18 13:07:38.731253248+00:00,54030.0
2019-08-19 00:00:00+00:00,10779.97,5.54929558785837,10617.994607106497,0.06920086921587962,0.749689090975494,0.18111058763376062,0.26059614331105513,2019-08-19 12:55:09.834556928+00:00,64487.0
2019-08-20 00:00:00+00:00,10826.97,4.659392153530564,10744.3707434236,0.0764323083673676,0.74491305228339,0.17865521315016705,0.24967049988186452,2019-08-20 12:42:24.792250368+00:00,67953.0
2019-08-21 00:00:00+00:00,10063.37,7.091136502658905,10193.397948431171,0.07665291564319124,0.7444463474544903,0.1789024866247182,0.23827784582253775,2019-08-21 12:34:17.281873664+00:00,70038.0
2019-08-22 00:00:00+00:00,10155.1,4.964687697069278,10051.058735457125,0.0808236975082767,0.7415187663355985,0.17766018470116748,0.23384515769297784,2019-08-22 12:36:42.842208256+00:00,66993.0
2019-08-23 00:00:00+00:00,10384.93,4.368011952115775,10268.671129044802,0.07958978541394811,0.7411869290996086,0.1792265840220386,0.23743033927794696,2019-08-23 12:57:57.529360640+00:00,63996.0
2019-08-24 00:00:00+00:00,10170.0,3.780430003244032,10143.884631685984,0.07315610510046369,0.7437547655847502,0.18309239223767818,0.2660114588699983,2019-08-24 12:41:24.049459200+00:00,54967.0
2019-08-25 00:00:00+00:00,10060.44,3.1200190915640778,10103.796975458097,0.06388962993840026,0.748078829141772,0.18803260617850032,0.28167827335463846,2019-08-25 12:50:34.753369600+00:00,52468.0
2019-08-26 00:00:00+00:00,10296.24,4.563509656051892,10329.86364022155,0.06901848449626935,0.7501915188781823,0.18079637058977915,0.263553485058678,2019-08-26 12:45:44.675490048+00:00,65663.0
2019-08-27 00:00:00+00:00,10126.25,3.5488487625305307,10176.765652871656,0.07774466172173522,0.749396493594066,0.17285528583202217,0.2292392110586649,2019-08-27 12:32:26.417172480+00:00,64395.0
2019-08-28 00:00:00+00:00,9723.04,7.779769327218743,10058.828172669548,0.07571540298300863,0.7487812921756585,0.17549960203481327,0.2431297331902966,2019-08-28 13:22:01.744125440+00:00,69232.0
2019-08-29 00:00:00+00:00,9475.38,5.699723186622868,9518.810977460103,0.07859451905626134,0.7466688929219601,0.17474090744101634,0.23178526315789474,2019-08-29 12:20:50.589473536+00:00,66360.0
2019-08-30 00:00:00+00:00,9596.81,4.2909748411328605,9537.337698291147,0.07188905178903991,0.7476545151959424,0.18045294607124465,0.255010718389666,2019-08-30 12:31:09.010579712+00:00,61246.0
2019-08-31 00:00:00+00:00,9619.32,1.1565235157915281,9590.933303344626,0.06856838051623648,0.7506870316402997,0.18074495212323066,0.2622143994587844,2019-08-31 12:32:47.198168064+00:00,49559.0
2019-09-01 00:00:00+00:00,9793.49,1.3910184993155126,9616.70188951933,0.07115426285945727,0.7522717699473471,0.17657619481571488,0.2505946030781693,2019-09-01 13:03:34.349939456+00:00,51664.0
2019-09-02 00:00:00+00:00,10395.26,4.759677100152527,9946.238726419802,0.07532949762520755,0.7499610765725759,0.1747068772444685,0.2486741012472487,2019-09-02 13:23:06.579912960+00:00,67546.0
2019-09-03 00:00:00+00:00,10708.39,8.796496121650083,10528.674813814541,0.07075332231632583,0.7546689389244645,0.17457457136955173,0.2487851580252014,2019-09-03 12:57:46.637518592+00:00,119120.0
2019-09-04 00:00:00+00:00,10575.41,7.900024226893338,10562.950579302653,0.0682424784699698,0.7528248145248481,0.1789299108973642,0.26256355739477316,2019-09-04 12:56:06.952242688+00:00,66957.0
2019-09-05 00:00:00+00:00,10575.93,3.5510027190347038,10563.879900721908,0.07247673963338673,0.7473538707955153,0.18016800142374087,0.2560641324079017,2019-09-05 12:47:20.365189632+00:00,64568.0
2019-09-06 00:00:00+00:00,10347.77,8.590467412679715,10690.550278934541,0.08033027793333136,0.7399117274308114,0.17975775884936193,0.23013304252998912,2019-09-06 12:53:44.556574208+00:00,81417.0
2019-09-07 00:00:00+00:00,10511.67,2.4375015858399194,10420.164809037371,0.07246790625428297,0.7467251587555392,0.18080561012380647,0.2558727808488282,2019-09-07 12:23:36.475855360+00:00,56754.0
2019-09-08 00:00:00+00:00,10390.97,2.7889813970272295,10457.17614828087,0.06677697985238382,0.7501016856173948,0.18312298025134652,0.2793370337123479,2019-09-08 12:32:10.987432448+00:00,50631.0
2019-09-09 00:00:00+00:00,10338.54,4.244210957521411,10300.889486327596,0.06395681998413957,0.7535990880253767,0.18244040444091994,0.28047886597938143,2019-09-09 12:45:48.221253120+00:00,63422.0
2019-09-10 00:00:00+00:00,10078.76,3.5000859817015586,10223.891444857361,0.06349596847091152,0.7472890407491775,0.1892138699063528,0.296183779874896,2019-09-10 13:06:48.883826688+00:00,66589.0
2019-09-11 00:00:00+00:00,10142.41,3.392083794259756,10056.760746172618,0.07022905006516907,0.7424163919343709,0.18735294794142454,0.2817381238978763,2019-09-11 12:32:49.996933120+00:00,64643.0
2019-09-12 00:00:00+00:00,10400.48,4.0424312781939555,10220.63750678613,0.07291985907658076,0.7449839792323383,0.18208941220100128,0.25972649360281846,2019-09-12 12:57:51.310958592+00:00,65461.0
2019-09-13 00:00:00+00:00,10293.28,2.9523794644565355,10316.12402020642,0.06761888419202276,0.7460268697945005,0.1863504373665927,0.2870178797137237,2019-09-13 12:25:59.301887488+00:00,60236.0
2019-09-14 00:00:00+00:00,10357.1,2.33753532960623,10342.4295400935,0.06251319466004346,0.7503453896305495,0.18714208837835042,0.294349182448515,2019-09-14 12:39:28.848183808+00:00,49530.0
2019-09-15 00:00:00+00:00,10297.35,1.8888880797444592,10315.762957432042,0.0595259589110414,0.7543191478595284,0.18615438720777247,0.3046686468980872,2019-09-15 13:04:34.539014400+00:00,49377.0
2019-09-16 00:00:00+00:00,10294.66,4.572087145573108,10237.513634080844,0.06701772649510429,0.7461462890838277,0.18683540203108506,0.28118022058020603,2019-09-16 13:00:01.039566080+00:00,66952.0
2019-09-17 00:00:00+00:00,10227.02,3.9743442387816112,10217.1807349595,0.06714482524345135,0.7499988676681513,0.18285457084622933,0.26938509473843136,2019-09-17 13:06:43.094285568+00:00,116747.0
2019-09-18 00:00:00+00:00,10159.8,3.027720637211355,10194.903940241546,0.06084447161097528,0.7512145816354252,0.18793856968215158,0.2906370076066286,2019-09-18 12:27:26.970252800+00:00,70700.0
2019-09-19 00:00:00+00:00,10239.16,5.3356703903280085,9982.367811879998,0.06873077575387537,0.7472551813032123,0.18400831043723076,0.27533613852990063,2019-09-19 12:45:50.436552192+00:00,72144.0
2019-09-20 00:00:00+00:00,10140.11,3.403303952988348,10176.077777789691,0.06361514808221397,0.7494284269299241,0.18695185305065545,0.2894174664185143,2019-09-20 12:26:47.551383296+00:00,64065.0
2019-09-21 00:00:00+00:00,9978.98,3.528714340317047,10040.115427249737,0.06232092714555572,0.7477717874100168,0.189903405319855,0.2912557563690203,2019-09-21 12:26:32.495022592+00:00,52477.0
2019-09-22 00:00:00+00:00,10036.69,2.4754361799257336,9982.153855905228,0.0648984180273666,0.7514422910626176,0.18365435678315276,0.2810038455669159,2019-09-22 12:52:44.605524224+00:00,49382.0
2019-09-23 00:00:00+00:00,9708.42,4.045832594930924,9883.91576530562,0.06349373235460193,0.7520690005646529,0.1844349708262752,0.2763479126670431,2019-09-23 12:58:11.121400320+00:00,65970.0
2019-09-24 00:00:00+00:00,8696.0,27.760000078285312,9364.724937045978,0.0810171800590753,0.7428948098137321,0.17608650310446683,0.23411398215685095,2019-09-24 14:15:53.769968128+00:00,80885.0
2019-09-25 00:00:00+00:00,8433.62,13.019089076094492,8444.642166061942,0.07941472892123604,0.7485999506568802,0.17198060198606058,0.2232040738913218,2019-09-25 12:20:39.410966272+00:00,76414.0
2019-09-26 00:00:00+00:00,8114.88,15.83926066844408,8233.992422120918,0.07804008998421919,0.7482455763354935,0.1737150052043112,0.23649246214283315,2019-09-26 13:16:42.162978816+00:00,70791.0
2019-09-27 00:00:00+00:00,8201.14,7.424173493748934,8034.126666300507,0.07639191301876067,0.7501908754974417,0.17342062251279136,0.24301686327458782,2019-09-27 12:43:03.436611584+00:00,66462.0
2019-09-28 00:00:00+00:00,8151.88,4.496178139811264,8151.938109886318,0.06362168338199822,0.745625238034785,0.19075375565993818,0.30089765139012314,2019-09-28 12:47:04.895264768+00:00,54363.0
2019-09-29 00:00:00+00:00,8079.28,4.182297480399897,8070.762998088582,0.06810501792114695,0.7469887352790578,0.18490757808499747,0.2749678289810548,2019-09-29 12:32:01.238095360+00:00,47939.0
2019-09-30 00:00:00+00:00,8245.75,7.137699090693996,8081.156096186103,0.07230814761848012,0.7548356572518173,0.1728488459857784,0.2475723672188456,2019-09-30 13:04:22.976999168+00:00,60255.0
2019-10-01 00:00:00+00:00,8350.42,7.443691324824118,8360.103687973471,0.07111562354402856,0.7511985945022519,0.17768500543562668,0.26603812703836,2019-10-01 12:40:48.976549376+00:00,61614.0
2019-10-02 00:00:00+00:00,8278.1,3.6824464934264025,8254.986443258851,0.06927421791681479,0.7547093849982225,0.17601919658727339,0.2677003021685034,2019-10-02 13:05:47.660689152+00:00,54661.0
2019-10-03 00:00:00+00:00,8210.0,6.7693493546647945,8232.92184107191,0.06982637494981936,0.7541041750301084,0.1760659574468085,0.269541473303894,2019-10-03 13:03:31.240465664+00:00,59762.0
2019-10-04 00:00:00+00:00,8179.98,4.661418999565931,8153.612644540559,0.07071524710830704,0.7522762145110411,0.17700765509989486,0.26197067507886435,2019-10-04 13:04:04.641009664+00:00,58199.0
2019-10-05 00:00:00+00:00,8140.63,3.522070233862268,8104.961422159029,0.06633865204835789,0.7521789927071606,0.18147731388576183,0.27714138319220794,2019-10-05 12:38:44.003719680+00:00,50339.0
2019-10-06 00:00:00+00:00,7847.03,4.3688227989848425,7984.975253613007,0.0674325539138335,0.7546543298426817,0.17790838234590925,0.26158001721417307,2019-10-06 12:45:12.015492608+00:00,53122.0
2019-10-07 00:00:00+00:00,8239.73,7.161412244224831,8049.065090963542,0.07042363708714683,0.7499401910067649,0.17963744528452052,0.2647143931555909,2019-10-07 12:48:42.847592448+00:00,61690.0
2019-10-08 00:00:00+00:00,8198.96,2.686652107619028,8206.801483577143,0.06512568669885133,0.7518384801065423,0.18303217080073247,0.2817787955718329,2019-10-08 12:51:28.968703232+00:00,59908.0
2019-10-09 00:00:00+00:00,8578.42,10.211617033570311,8345.832361173661,0.06387779017857143,0.754782738095238,0.1813364583333333,0.27811066592261907,2019-10-09 13:07:59.783482368+00:00,64690.0
2019-10-10 00:00:00+00:00,8586.0,5.689943609194106,8557.667553892876,0.06826299025251362,0.7582573106147825,0.17347762683245066,0.25824865300483535,2019-10-10 12:29:24.176836096+00:00,61815.0
2019-10-11 00:00:00+00:00,8318.06,5.343234587447108,8397.595076158508,0.0709128774595753,0.7529465030196766,0.1761366062731346,0.24990658873952853,2019-10-11 12:37:19.978959616+00:00,60953.0
2019-10-12 00:00:00+00:00,8334.7,1.5150048035448356,8334.039887289822,0.06146120044425129,0.7534087111883723,0.18512665990632093,0.2903219711236661,2019-10-12 12:30:04.035926272+00:00,50842.0
2019-10-13 00:00:00+00:00,8285.97,3.157237427673866,8367.862272724135,0.06090689263201406,0.7517365919189832,0.1873525886121732,0.2989009248734112,2019-10-13 12:55:56.918466560+00:00,49374.0
2019-10-14 00:00:00+00:00,8343.99,3.41811848056344,8306.174605021022,0.06377809786062275,0.7541180682058887,0.18209769116712562,0.27978795170514725,2019-10-14 13:08:46.538445312+00:00,56682.0
2019-10-15 00:00:00+00:00,8136.0,3.814693761113019,8268.926270789238,0.06250132842836705,0.7506403842223586,0.18685706110770492,0.2957142284896791,2019-10-15 12:41:13.706928128+00:00,61138.0
2019-10-16 00:00:00+00:00,7999.3,7.305100011829157,8047.381789288007,0.07096492027334851,0.7500206909643129,0.179016476841306,0.2549079878511769,2019-10-16 13:34:38.248291840+00:00,63814.0
2019-10-17 00:00:00+00:00,8054.19,4.047032000655645,8036.588109557245,0.07485441888619855,0.7507870006053269,0.17435740768765134,0.23246787227602905,2019-10-17 12:38:14.521035008+00:00,62197.0
2019-10-18 00:00:00+00:00,7970.02,4.277590108008233,7957.836452134359,0.07886025088200706,0.7455988239905919,0.17554284594276753,0.23207568796550376,2019-10-18 12:33:31.150137344+00:00,59514.0
2019-10-19 00:00:00+00:00,7941.61,2.5837877655850328,7963.761973724367,0.07041287500594304,0.7496827366519279,0.17990419816478867,0.2615929539295393,2019-10-19 12:20:29.328198400+00:00,51216.0
2019-10-20 00:00:00+00:00,8209.01,5.552104901039595,8021.320230978522,0.06418648030242738,0.7520480003979308,0.183766663350577,0.28286909072821326,2019-10-20 12:57:27.105053952+00:00,49763.0
2019-10-21 00:00:00+00:00,8194.27,3.7569352409043675,8221.711089646436,0.07103415732282783,0.7500278367028874,0.17893302740378372,0.260294939174856,2019-10-21 13:04:11.940776448+00:00,57806.0
2019-10-22 00:00:00+00:00,8073.73,4.079895992703881,8211.645177747509,0.0668707228774962,0.7511332866207326,0.18199937716532366,0.27052402195492237,2019-10-22 12:41:36.639028480+00:00,61452.0
2019-10-23 00:00:00+00:00,7426.46,12.797137779786828,7710.5429231899725,0.08248937434002113,0.7483438159978881,0.16916496172122492,0.20814210665258712,2019-10-23 13:24:29.774287360+00:00,69662.0
2019-10-24 00:00:00+00:00,7460.94,3.9962059031840744,7451.369886858621,0.07473406367439552,0.7435459122172586,0.18171630149613557,0.2512517939445508,2019-10-24 12:35:01.714529024+00:00,71776.0
2019-10-25 00:00:00+00:00,8603.11,16.563428797929735,7898.428099836115,0.07524750359015463,0.746165046922486,0.17858294092108337,0.2445442006478977,2019-10-25 13:24:26.828974848+00:00,74514.0
2019-10-26 00:00:00+00:00,9176.55,31.30071893793388,9307.843972930372,0.0719188265103642,0.7467927160606893,0.18128635100894464,0.24828828036755504,2019-10-26 10:38:45.271545088+00:00,80507.0
2019-10-27 00:00:00+00:00,9557.08,13.619832564540944,9438.73888745251,0.06093465077816887,0.74953861159408,0.18952800983842924,0.30038765107501797,2019-10-27 12:32:50.010601728+00:00,57759.0
2019-10-28 00:00:00+00:00,9216.44,10.61693717677275,9461.146790405319,0.06313552105127923,0.7565763682413832,0.1802870095070293,0.2728212017766032,2019-10-28 12:42:10.360092672+00:00,65056.0
2019-10-29 00:00:00+00:00,9426.94,6.7196681861549115,9382.844742668929,0.06107298848361129,0.7556634826483845,0.18326345183530407,0.2885535261718599,2019-10-29 12:56:07.774140416+00:00,62184.0
2019-10-30 00:00:00+00:00,9159.94,6.589226138692497,9179.520929361774,0.0669993400364921,0.7535102682557552,0.17948864474552584,0.26719134671377,2019-10-30 12:42:26.404751616+00:00,60036.0
2019-10-31 00:00:00+00:00,9150.07,8.51017451454925,9187.649857390936,0.06336545834124123,0.7485308787246157,0.18810419434427783,0.2916520895805656,2019-10-31 12:56:14.580375808+00:00,63021.0
2019-11-01 00:00:00+00:00,9250.45,5.014917321607318,9157.601150626866,0.06830801825293352,0.749463045958279,0.18222702086049544,0.2661152990547588,2019-11-01 12:52:42.963657216+00:00,58015.0
2019-11-02 00:00:00+00:00,9304.75,1.8903718400911322,9287.978829799084,0.06556456862450553,0.7466606078814281,0.18777111812127584,0.2832463772470082,2019-11-02 12:54:06.901006336+00:00,49519.0
2019-11-03 00:00:00+00:00,9207.0,1.9264695102983307,9205.981359031157,0.07071543971134688,0.7525906080025849,0.17668565889385537,0.2524662932845065,2019-11-03 13:03:49.644588032+00:00,47000.0
2019-11-04 00:00:00+00:00,9410.76,4.243979101114157,9277.622243622338,0.06887547884995361,0.755524335658696,0.17559829025363927,0.25548043469494736,2019-11-04 13:30:58.301544448+00:00,61053.0
2019-11-05 00:00:00+00:00,9320.14,3.6761688907927557,9338.887227070143,0.06252592964436035,0.7553310422056609,0.18214152218403679,0.2838952542765571,2019-11-05 12:47:47.681198592+00:00,60492.0
2019-11-06 00:00:00+00:00,9344.78,3.4384761273656546,9335.04476983677,0.06422183744993325,0.7508193007343125,0.18495631675567425,0.28740912883845127,2019-11-06 12:41:39.072096+00:00,59027.0
2019-11-07 00:00:00+00:00,9199.36,2.9026318580098445,9228.746319522916,0.06624210570224837,0.7538648896675426,0.17989183664956412,0.2861568180870146,2019-11-07 12:55:26.977850112+00:00,56628.0
2019-11-08 00:00:00+00:00,8767.37,8.885848869763462,8936.457518172669,0.07202283683307459,0.7545645886101806,0.17341032764114714,0.2448506945011847,2019-11-08 13:08:09.432143360+00:00,60003.0
2019-11-09 00:00:00+00:00,8812.21,2.287129151944108,8808.559714524532,0.06843981736164595,0.7535715150181538,0.17798784244691385,0.26257341291671255,2019-11-09 12:20:52.890307072+00:00,45344.0
2019-11-10 00:00:00+00:00,9024.49,3.187461107193279,8911.780705014817,0.0658809201623816,0.7567869869192603,0.17732966847090662,0.26875082882273343,2019-11-10 13:17:54.722598144+00:00,45266.0
2019-11-11 00:00:00+00:00,8720.36,4.4700551257572405,8771.889958610847,0.06872725120353564,0.7540353957856523,0.1772318680451425,0.26377369978691495,2019-11-11 13:18:09.790071808+00:00,63729.0
2019-11-12 00:00:00+00:00,8813.91,3.825548827164892,8731.284126815064,0.06476557541675035,0.755401325567383,0.1798257481421972,0.27923910022092796,2019-11-12 12:47:44.355894528+00:00,63361.0
2019-11-13 00:00:00+00:00,8755.24,2.1157620903826073,8748.107160332522,0.06751951553539332,0.7527608062997517,0.17971261662244287,0.26660543096807326,2019-11-13 12:50:52.394076928+00:00,57581.0
2019-11-14 00:00:00+00:00,8636.9,2.625286877466259,8648.277504419759,0.06917365034526052,0.7511283349026994,0.17969734777150032,0.2622871900502197,2019-11-14 12:43:52.587100160+00:00,57549.0
2019-11-15 00:00:00+00:00,8463.49,4.653490544283504,8537.079496745966,0.07033357759322585,0.7537096971177333,0.17595379417033055,0.25277887151929657,2019-11-15 12:39:56.863703296+00:00,57821.0
2019-11-16 00:00:00+00:00,8484.63,0.8968546033636134,8470.876382579268,0.07075700227100681,0.7508793843048196,0.17835922281100178,0.26207305071915216,2019-11-16 12:31:25.886449664+00:00,47101.0
2019-11-17 00:00:00+00:00,8499.31,1.7859707857884746,8519.647605957496,0.07211978699847102,0.7451977118152581,0.1826908314440871,0.2604077608477882,2019-11-17 12:59:41.848473856+00:00,47192.0
2019-11-18 00:00:00+00:00,8170.65,4.552388842952091,8358.814986387692,0.06782215743440234,0.7594455125679616,0.17272894176975812,0.2490558781813884,2019-11-18 13:31:04.879047936+00:00,59469.0
2019-11-19 00:00:00+00:00,8121.63,3.442601917054661,8110.633864184586,0.06701310370647696,0.7515546237364283,0.18143073755147882,0.26913164732309997,2019-11-19 12:37:32.050917120+00:00,62961.0
2019-11-20 00:00:00+00:00,8088.44,2.2695942630104575,8097.935728712264,0.06000940415287391,0.7442095621426421,0.19578095847126092,0.2978651143544989,2019-11-20 13:01:30.275353344+00:00,61752.0
2019-11-21 00:00:00+00:00,7611.51,8.972613460486333,7800.563179199901,0.07148576994189118,0.744474940570523,0.18403664817749607,0.2503577258320127,2019-11-21 13:12:25.929080576+00:00,69477.0
2019-11-22 00:00:00+00:00,7285.85,17.140544328840175,7286.327683672004,0.07952620512661945,0.7480615936427445,0.17240845984972636,0.214652073219752,2019-11-22 12:57:34.568504320+00:00,74891.0
2019-11-23 00:00:00+00:00,7292.72,4.712290350161385,7213.103188552594,0.0692561844581877,0.7504998655552567,0.18024482387738638,0.2511085708523797,2019-11-23 08:39:33.964989952+00:00,35939.0
