lag,batch_size,neurons,layers,split,accuracy,f1-0,f1-1,f1-2,f1-3,f1-4,f1-5,f1-6,f1-7,f1-8,f1-9,diff_acc,max_acc,mean_acc,min_acc,f1-total
14,50,128,3,0.85,,0,0,0,0.19047619,0.534753225,0.506305469,0,0,0,0,0.121212121,0.545454545,0.484848485,0.424242424,1.231534885
14,80,64,3,0.85,,0,0,0,0.183333333,0.551174108,0.461131625,0,0,0,0,0.121212121,0.560606061,0.478787879,0.439393939,1.195639066
14,50,64,3,0.85,,0,0,0,0.133333333,0.570475287,0.475900044,0,0,0,0,0.151515152,0.575757576,0.496969697,0.424242424,1.179708664
14,80,128,3,0.85,,0,0,0,0.133333333,0.560015847,0.470546562,0,0,0,0,0.136363636,0.560606061,0.481818182,0.424242424,1.163895742
14,50,32,3,0.85,,0,0,0,0.133333333,0.52913087,0.490099567,0,0,0,0,0.106060606,0.53030303,0.484848485,0.424242424,1.15256377
14,20,128,3,0.85,,0,0,0,0.2,0.468675935,0.483856078,0,0,0,0,0.136363636,0.53030303,0.448484848,0.393939394,1.152532013
14,80,256,3,0.85,,0,0,0,0.157142857,0.486591123,0.499587065,0,0,0,0,0.136363636,0.53030303,0.460606061,0.393939394,1.143321046
14,80,128,1,0.85,,0,0,0,0.213333333,0.365283688,0.559000747,0,0,0,0,0.121212121,0.53030303,0.457575758,0.409090909,1.137617768
14,5,256,3,0.85,,0,0,0,0,0.446983652,0.460428152,0.216666667,0,0,0,0.242424242,0.545454545,0.427272727,0.303030303,1.124078471
14,80,256,2,0.85,,0,0,0,0.133333333,0.425446875,0.56196999,0,0,0,0,0.090909091,0.53030303,0.472727273,0.439393939,1.120750199
14,5,64,3,0.85,,0,0,0,0.08,0.469825165,0.489073861,0.08,0,0,0,0.181818182,0.53030303,0.463636364,0.348484848,1.118899027
14,20,32,3,0.85,,0,0,0,0.133333333,0.466806295,0.506205542,0,0,0,0,0.106060606,0.53030303,0.463636364,0.424242424,1.10634517
14,80,32,3,0.85,,0,0,0,0.133333333,0.469653021,0.487596829,0,0,0,0,0.090909091,0.515151515,0.457575758,0.424242424,1.090583184
14,20,64,3,0.85,,0,0,0,0.05,0.522826221,0.50285591,0,0,0,0,0.151515152,0.575757576,0.481818182,0.424242424,1.075682132
14,5,128,3,0.85,,0,0,0,0,0.464782532,0.492741461,0.116363636,0,0,0,0.090909091,0.484848485,0.442424242,0.393939394,1.07388763
14,80,256,1,0.85,,0,0,0,0.133333333,0.388376954,0.546507351,0,0,0,0,0.196969697,0.590909091,0.454545455,0.393939394,1.068217638
14,5,64,1,0.85,,0,0,0,0.08,0.412488221,0.563115494,0,0,0,0,0.090909091,0.53030303,0.475757576,0.439393939,1.055603715
14,5,32,3,0.85,,0,0,0,0,0.520857649,0.531478849,0,0,0,0,0.151515152,0.575757576,0.490909091,0.424242424,1.052336498
14,20,64,2,0.85,,0,0,0,0.133333333,0.329453879,0.583938539,0,0,0,0,0.060606061,0.484848485,0.463636364,0.424242424,1.046725752
3,5,32,1,0.85,,0,0,0,0.233333333,0.26113852,0.551557892,0,0,0,0,0.073529412,0.485294118,0.435294118,0.411764706,1.046029745
14,50,256,3,0.85,,0,0,0,0,0.476661694,0.522391506,0.04,0,0,0,0.121212121,0.53030303,0.463636364,0.409090909,1.039053199
14,50,256,1,0.85,,0,0,0,0.133333333,0.353338475,0.55200116,0,0,0,0,0.136363636,0.515151515,0.448484848,0.378787879,1.038672968
14,5,256,2,0.85,,0,0,0,0.08,0.451641491,0.437421896,0.066666667,0,0,0,0.060606061,0.454545455,0.43030303,0.393939394,1.035730054
14,20,256,3,0.85,,0,0,0,0.066666667,0.407175094,0.519682984,0.04,0,0,0,0.121212121,0.515151515,0.436363636,0.393939394,1.033524745
14,20,128,1,0.85,,0,0,0,0.08,0.373869565,0.575943402,0,0,0,0,0.090909091,0.53030303,0.46969697,0.439393939,1.029812967
3,5,32,2,0.85,,0,0,0,0.233333333,0.254448161,0.54087085,0,0,0,0,0.044117647,0.455882353,0.435294118,0.411764706,1.028652344
14,20,128,2,0.85,,0,0,0,0.08,0.392841199,0.549493476,0,0,0,0,0.090909091,0.484848485,0.454545455,0.393939394,1.022334675
14,5,32,1,0.85,,0,0,0,0.08,0.374866712,0.565319642,0,0,0,0,0.136363636,0.53030303,0.466666667,0.393939394,1.020186354
14,20,256,1,0.85,,0,0,0,0.08,0.367102737,0.571883269,0,0,0,0,0.121212121,0.53030303,0.466666667,0.409090909,1.018986006
7,20,256,3,0.85,,0,0,0,0.057142857,0.397668238,0.50605776,0.057142857,0,0,0,0.029850746,0.447761194,0.426865672,0.417910448,1.018011712
7,20,128,3,0.85,,0,0,0,0,0.48415422,0.532433409,0,0,0,0,0.029850746,0.47761194,0.468656716,0.447761194,1.016587628
14,20,32,2,0.85,,0,0,0,0.133333333,0.293398268,0.582652466,0,0,0,0,0.075757576,0.5,0.460606061,0.424242424,1.009384068
3,50,128,2,0.85,,0,0,0,0.1,0.401086644,0.508064508,0,0,0,0,0.132352941,0.514705882,0.444117647,0.382352941,1.009151152
7,50,256,3,0.85,,0,0,0,0,0.424866606,0.515972516,0.066666667,0,0,0,0.149253731,0.52238806,0.447761194,0.373134328,1.007505789
14,50,32,2,0.85,,0,0,0,0.133333333,0.273445378,0.600192277,0,0,0,0,0.106060606,0.515151515,0.466666667,0.409090909,1.006970988
3,50,128,1,0.85,,0,0,0,0.1,0.406866657,0.496056102,0,0,0,0,0.147058824,0.529411765,0.435294118,0.382352941,1.002922759
14,5,128,1,0.85,,0,0,0,0.08,0.395080258,0.527275265,0,0,0,0,0.151515152,0.545454545,0.451515152,0.393939394,1.002355524
14,5,32,2,0.85,,0,0,0,0,0.415320249,0.577633599,0,0,0,0,0.121212121,0.545454545,0.490909091,0.424242424,0.992953848
3,20,32,1,0.85,,0,0,0,0.166666667,0.293650319,0.532001218,0,0,0,0,0.117647059,0.485294118,0.432352941,0.367647059,0.992318204
3,50,64,2,0.85,,0,0,0,0.1,0.423440295,0.467064645,0,0,0,0,0.058823529,0.455882353,0.423529412,0.397058824,0.990504939
14,80,64,1,0.85,,0,0,0,0.08,0.339944411,0.567080711,0,0,0,0,0.106060606,0.53030303,0.457575758,0.424242424,0.987025122
14,50,64,1,0.85,,0,0,0,0.08,0.346637186,0.55855863,0,0,0,0,0.075757576,0.5,0.454545455,0.424242424,0.985195817
14,80,64,2,0.85,,0,0,0,0.133333333,0.273117127,0.575255732,0,0,0,0,0.075757576,0.484848485,0.442424242,0.409090909,0.981706192
7,80,128,3,0.85,,0,0,0,0,0.456632398,0.522940061,0,0,0,0,0.104477612,0.52238806,0.468656716,0.417910448,0.979572459
7,5,128,3,0.85,,0,0,0,0.05,0.44508236,0.484396399,0,0,0,0,0.194029851,0.552238806,0.441791045,0.358208955,0.97947876
14,50,128,1,0.85,,0,0,0,0.08,0.33520423,0.563746775,0,0,0,0,0.121212121,0.515151515,0.451515152,0.393939394,0.978951005
3,80,128,2,0.85,,0,0,0,0.1,0.366491978,0.510974183,0,0,0,0,0.058823529,0.470588235,0.432352941,0.411764706,0.977466161
7,5,256,3,0.85,,0,0,0.066666667,0.028571429,0.381511402,0.398315185,0.1,0,0,0,0.104477612,0.462686567,0.394029851,0.358208955,0.975064682
14,5,128,2,0.85,,0,0,0,0.08,0.387192781,0.503910037,0,0,0,0,0.075757576,0.46969697,0.433333333,0.393939394,0.971102818
3,20,256,3,0.85,,0,0,0,0,0.434754731,0.532734396,0,0,0,0,0.102941176,0.514705882,0.461764706,0.411764706,0.967489128
14,5,256,1,0.85,,0,0,0,0.08,0.384291452,0.503176607,0,0,0,0,0.060606061,0.46969697,0.445454545,0.409090909,0.967468058
7,5,256,1,0.85,,0,0,0,0.08,0.400213359,0.485960525,0,0,0,0,0.119402985,0.47761194,0.426865672,0.358208955,0.966173885
3,20,64,3,0.85,,0,0,0,0.1,0.372565452,0.493425742,0,0,0,0,0.058823529,0.455882353,0.420588235,0.397058824,0.965991193
14,50,128,2,0.85,,0,0,0,0.133333333,0.269224679,0.558755488,0,0,0,0,0.106060606,0.46969697,0.43030303,0.363636364,0.9613135
14,80,32,2,0.85,,0,0,0,0.133333333,0.234277342,0.59325259,0,0,0,0,0.075757576,0.484848485,0.454545455,0.409090909,0.960863266
14,50,64,2,0.85,,0,0,0,0.133333333,0.238295515,0.587675134,0,0,0,0,0.060606061,0.484848485,0.448484848,0.424242424,0.959303982
3,80,32,2,0.85,,0,0,0,0.213333333,0.218258621,0.527522424,0,0,0,0,0.117647059,0.455882353,0.414705882,0.338235294,0.959114378
7,20,64,3,0.85,,0,0,0,0,0.423531556,0.532928158,0,0,0,0,0.164179104,0.537313433,0.450746269,0.373134328,0.956459714
14,20,64,1,0.85,,0,0,0,0.08,0.306382413,0.569479447,0,0,0,0,0.075757576,0.484848485,0.451515152,0.409090909,0.955861861
14,80,128,2,0.85,,0,0,0,0.1,0.287637684,0.567655838,0,0,0,0,0.121212121,0.5,0.439393939,0.378787879,0.955293522
3,80,128,1,0.85,,0,0,0,0.1,0.310424228,0.543566745,0,0,0,0,0.058823529,0.470588235,0.438235294,0.411764706,0.953990973
3,20,128,1,0.85,,0,0,0,0.1,0.339730094,0.514031361,0,0,0,0,0.088235294,0.485294118,0.423529412,0.397058824,0.953761456
3,20,256,1,0.85,,0,0,0,0.1,0.320569116,0.52489536,0,0,0,0,0.102941176,0.470588235,0.423529412,0.367647059,0.945464476
7,80,256,3,0.85,,0,0,0,0,0.439019185,0.500400834,0,0,0,0,0.134328358,0.492537313,0.447761194,0.358208955,0.939420019
7,5,64,2,0.85,,0,0,0,0,0.405952559,0.530704284,0,0,0,0,0.104477612,0.507462687,0.450746269,0.402985075,0.936656843
7,5,128,2,0.85,,0,0,0,0.05,0.402705803,0.483210973,0,0,0,0,0.149253731,0.52238806,0.429850746,0.373134328,0.935916776
3,20,64,2,0.85,,0,0,0,0.1,0.323173854,0.510601529,0,0,0,0,0.073529412,0.455882353,0.423529412,0.382352941,0.933775383
3,20,16,1,0.85,,0,0,0,0.08,0.307171815,0.545016302,0,0,0,0,0.161764706,0.529411765,0.438235294,0.367647059,0.932188117
3,50,32,2,0.85,,0,0,0,0,0.411771606,0.518950149,0,0,0,0,0.102941176,0.5,0.452941176,0.397058824,0.930721755
14,50,256,2,0.85,,0,0,0,0,0.37065618,0.558984417,0,0,0,0,0.060606061,0.484848485,0.451515152,0.424242424,0.929640597
3,80,256,1,0.85,,0,0,0,0.1,0.28974026,0.537020549,0,0,0,0,0.147058824,0.485294118,0.426470588,0.338235294,0.926760809
7,80,64,1,0.85,,0,0,0,0,0.388908939,0.529398914,0,0,0,0,0.134328358,0.507462687,0.441791045,0.373134328,0.918307853
3,80,32,1,0.85,,0,0,0,0.166666667,0.235763635,0.515227848,0,0,0,0,0.161764706,0.455882353,0.4,0.294117647,0.91765815
7,20,64,2,0.85,,0,0,0,0,0.374696406,0.541277732,0,0,0,0,0.164179104,0.52238806,0.43880597,0.358208955,0.915974138
3,50,256,2,0.85,,0,0,0,0,0.419402088,0.495673105,0,0,0,0,0.102941176,0.5,0.441176471,0.397058824,0.915075193
7,5,64,3,0.85,,0,0,0,0.066666667,0.369721254,0.478420088,0,0,0,0,0.104477612,0.462686567,0.414925373,0.358208955,0.914808009
3,80,64,2,0.85,,0,0,0,0.08,0.317410873,0.517247645,0,0,0,0,0.147058824,0.485294118,0.426470588,0.338235294,0.914658517
3,80,256,3,0.85,,0,0,0,0.1,0.326918425,0.485921385,0,0,0,0,0.102941176,0.455882353,0.408823529,0.352941176,0.912839811
3,50,16,2,0.85,,0,0,0,0,0.440328556,0.472356841,0,0,0,0,0.161764706,0.529411765,0.432352941,0.367647059,0.912685397
3,50,32,3,0.85,,0,0,0,0,0.42234556,0.48285842,0,0,0,0,0.220588235,0.529411765,0.438235294,0.308823529,0.90520398
7,50,128,3,0.85,,0,0,0,0,0.403744772,0.500168054,0,0,0,0,0.119402985,0.492537313,0.43880597,0.373134328,0.903912826
7,50,64,1,0.85,,0,0,0,0,0.37082619,0.531464907,0,0,0,0,0.179104478,0.537313433,0.43880597,0.358208955,0.902291097
7,20,32,1,0.85,,0,0,0,0,0.377049873,0.52487278,0,0,0,0,0.194029851,0.552238806,0.435820896,0.358208955,0.901922653
7,20,128,1,0.85,,0,0,0,0,0.357190415,0.544305506,0,0,0,0,0.164179104,0.537313433,0.43880597,0.373134328,0.901495921
3,20,32,2,0.85,,0,0,0,0.1,0.270552585,0.530649444,0,0,0,0,0.132352941,0.5,0.429411765,0.367647059,0.901202029
7,5,32,1,0.85,,0,0,0,0,0.372582251,0.528166766,0,0,0,0,0.194029851,0.552238806,0.43880597,0.358208955,0.900749017
3,5,16,1,0.85,,0,0,0,0.1,0.231729055,0.56866737,0,0,0,0,0.058823529,0.470588235,0.444117647,0.411764706,0.900396426
14,50,32,1,0.85,,0,0,0,0,0.349022774,0.550141537,0,0,0,0,0.121212121,0.515151515,0.442424242,0.393939394,0.899164311
3,50,128,3,0.85,,0,0,0,0,0.430492763,0.46719191,0,0,0,0,0.088235294,0.485294118,0.423529412,0.397058824,0.897684673
3,20,16,2,0.85,,0,0,0,0.066666667,0.275789076,0.554310521,0,0,0,0,0.205882353,0.544117647,0.432352941,0.338235294,0.896766263
3,50,256,3,0.85,,0,0,0,0,0.389142423,0.507002718,0,0,0,0,0.058823529,0.455882353,0.432352941,0.397058824,0.896145141
7,20,256,2,0.85,,0,0,0,0,0.365086371,0.527252729,0,0,0,0,0.104477612,0.492537313,0.426865672,0.388059701,0.892339099
3,50,32,1,0.85,,0,0,0,0,0.405580555,0.486058845,0,0,0,0,0.176470588,0.544117647,0.420588235,0.367647059,0.891639399
3,80,64,3,0.85,,0,0,0,0.1,0.230060716,0.561248151,0,0,0,0,0.058823529,0.455882353,0.429411765,0.397058824,0.891308868
14,20,256,2,0.85,,0,0,0,0,0.302716602,0.543725252,0.044444444,0,0,0,0.075757576,0.46969697,0.427272727,0.393939394,0.890886299
7,80,64,3,0.85,,0,0,0,0,0.376719027,0.513283319,0,0,0,0,0.119402985,0.47761194,0.432835821,0.358208955,0.890002347
3,80,16,1,0.85,,0,0,0,0.2,0.111102367,0.578161621,0,0,0,0,0.161764706,0.470588235,0.423529412,0.308823529,0.889263988
3,50,16,1,0.85,,0,0,0,0,0.399802562,0.486010602,0,0,0,0,0.132352941,0.485294118,0.420588235,0.352941176,0.885813164
7,80,64,2,0.85,,0,0,0,0,0.355377355,0.52934011,0,0,0,0,0.149253731,0.507462687,0.435820896,0.358208955,0.884717465
7,20,128,2,0.85,,0,0,0,0,0.359768123,0.524522918,0,0,0,0,0.164179104,0.507462687,0.426865672,0.343283582,0.884291041
7,80,256,1,0.85,,0,0,0,0,0.370924411,0.510723773,0,0,0,0,0.149253731,0.52238806,0.426865672,0.373134328,0.881648184
3,20,256,2,0.85,,0,0,0,0,0.377077045,0.503579057,0,0,0,0,0.058823529,0.455882353,0.432352941,0.397058824,0.880656102
3,50,64,1,0.85,,0,0,0,0,0.402046426,0.478497003,0,0,0,0,0.176470588,0.529411765,0.420588235,0.352941176,0.880543429
3,20,64,1,0.85,,0,0,0,0,0.356832168,0.522191779,0,0,0,0,0.117647059,0.5,0.432352941,0.382352941,0.879023948
14,20,32,1,0.85,,0,0,0,0,0.332863298,0.546041102,0,0,0,0,0.151515152,0.515151515,0.436363636,0.363636364,0.8789044
7,80,128,1,0.85,,0,0,0,0,0.357677309,0.518286312,0,0,0,0,0.149253731,0.492537313,0.423880597,0.343283582,0.875963622
7,80,32,1,0.85,,0,0,0,0,0.342638325,0.532256036,0,0,0,0,0.134328358,0.507462687,0.429850746,0.373134328,0.874894361
7,50,256,2,0.85,,0,0,0,0,0.370297377,0.504362589,0,0,0,0,0.119402985,0.47761194,0.420895522,0.358208955,0.874659966
3,20,128,3,0.85,,0,0,0,0,0.335507246,0.539095943,0,0,0,0,0.088235294,0.485294118,0.441176471,0.397058824,0.87460319
3,50,256,1,0.85,,0,0,0,0,0.39339782,0.480632559,0,0,0,0,0.147058824,0.5,0.417647059,0.352941176,0.874030379
7,50,64,2,0.85,,0,0,0,0,0.352649388,0.52126777,0,0,0,0,0.149253731,0.492537313,0.426865672,0.343283582,0.873917158
7,20,256,1,0.85,,0,0,0,0,0.348247448,0.522610983,0,0,0,0,0.194029851,0.552238806,0.426865672,0.358208955,0.870858431
14,80,32,1,0.85,,0,0,0,0,0.311817406,0.558207565,0,0,0,0,0.106060606,0.484848485,0.439393939,0.378787879,0.870024971
7,80,256,2,0.85,,0,0,0,0,0.353069143,0.516795548,0,0,0,0,0.119402985,0.47761194,0.429850746,0.358208955,0.869864691
7,80,128,2,0.85,,0,0,0,0,0.346197886,0.523462546,0,0,0,0,0.164179104,0.52238806,0.423880597,0.358208955,0.869660432
7,50,64,3,0.85,,0,0,0,0,0.363453537,0.506154875,0,0,0,0,0.104477612,0.47761194,0.429850746,0.373134328,0.869608412
7,5,128,1,0.85,,0,0,0,0,0.365307345,0.503447379,0,0,0,0,0.119402985,0.47761194,0.426865672,0.358208955,0.868754723
7,5,16,1,0.85,,0,0,0,0,0.34259112,0.524805682,0,0,0,0,0.149253731,0.507462687,0.423880597,0.358208955,0.867396802
3,80,32,3,0.85,,0,0,0,0.133333333,0.204444444,0.529487733,0,0,0,0,0.117647059,0.455882353,0.411764706,0.338235294,0.867265511
3,80,16,2,0.85,,0,0,0,0.213333333,0.07977208,0.573808722,0,0,0,0,0.088235294,0.455882353,0.414705882,0.367647059,0.866914135
7,5,64,1,0.85,,0,0,0,0,0.35426375,0.511859294,0,0,0,0,0.119402985,0.47761194,0.420895522,0.358208955,0.866123044
3,5,128,1,0.85,,0,0,0,0,0.300501476,0.564978391,0,0,0,0,0.058823529,0.470588235,0.455882353,0.411764706,0.865479867
7,50,32,1,0.85,,0,0,0,0,0.341793263,0.523418697,0,0,0,0,0.119402985,0.492537313,0.423880597,0.373134328,0.86521196
3,5,64,1,0.85,,0,0,0,0,0.304026941,0.561170983,0,0,0,0,0.029411765,0.470588235,0.45,0.441176471,0.865197924
3,80,256,2,0.85,,0,0,0,0,0.369206452,0.495483035,0,0,0,0,0.102941176,0.485294118,0.417647059,0.382352941,0.864689487
7,20,64,1,0.85,,0,0,0,0,0.338118994,0.523021003,0,0,0,0,0.134328358,0.492537313,0.423880597,0.358208955,0.861139997
7,50,128,1,0.85,,0,0,0,0,0.333198688,0.527431435,0,0,0,0,0.194029851,0.52238806,0.420895522,0.328358209,0.860630123
3,5,128,2,0.85,,0,0,0,0,0.319469915,0.540177676,0,0,0,0,0.073529412,0.485294118,0.452941176,0.411764706,0.859647591
3,5,16,2,0.85,,0,0,0,0.133333333,0.180825538,0.545452799,0,0,0,0,0.088235294,0.455882353,0.411764706,0.367647059,0.85961167
14,5,16,2,0.85,,0,0,0,0,0.286609268,0.57201733,0,0,0,0,0.181818182,0.545454545,0.451515152,0.363636364,0.858626598
1,5,128,3,0.85,,0,0,0,0,0.297667936,0.55996906,0,0,0,0,0.117647059,0.5,0.441176471,0.382352941,0.857636996
3,20,128,2,0.85,,0,0,0,0,0.358641069,0.496354743,0,0,0,0,0.073529412,0.455882353,0.417647059,0.382352941,0.854995812
14,5,64,2,0.85,,0,0,0,0,0.338674565,0.514661855,0,0,0,0,0.060606061,0.454545455,0.427272727,0.393939394,0.853336419
3,50,16,3,0.85,,0,0,0,0,0.361335411,0.489779078,0,0,0,0,0.147058824,0.514705882,0.420588235,0.367647059,0.851114489
7,5,32,2,0.85,,0,0,0,0,0.328767769,0.519573417,0,0,0,0,0.164179104,0.507462687,0.420895522,0.343283582,0.848341187
3,50,64,3,0.85,,0,0,0,0,0.37024235,0.477588742,0,0,0,0,0.147058824,0.470588235,0.408823529,0.323529412,0.847831092
14,5,16,1,0.85,,0,0,0,0,0.28000604,0.566382306,0,0,0,0,0.121212121,0.5,0.439393939,0.378787879,0.846388347
3,80,64,1,0.85,,0,0,0,0,0.29122865,0.547025679,0,0,0,0,0.147058824,0.485294118,0.432352941,0.338235294,0.838254329
14,80,16,3,0.85,,0,0,0,0.183333333,0.037903226,0.612318115,0,0,0,0,0.075757576,0.46969697,0.442424242,0.393939394,0.833554674
3,5,256,3,0.85,,0,0,0,0,0.344430642,0.484174591,0,0,0,0,0.088235294,0.5,0.441176471,0.411764706,0.828605233
7,80,32,2,0.85,,0,0,0,0,0.306948779,0.521149425,0,0,0,0,0.149253731,0.507462687,0.423880597,0.358208955,0.828098205
7,50,256,1,0.85,,0,0,0,0,0.306937442,0.520250578,0,0,0,0,0.149253731,0.507462687,0.411940299,0.358208955,0.827188019
14,20,16,2,0.85,,0,0,0,0,0.206931638,0.620191969,0,0,0,0,0.060606061,0.5,0.46969697,0.439393939,0.827123607
7,5,256,2,0.85,,0,0,0,0.04,0.360743165,0.425729217,0,0,0,0,0.059701493,0.432835821,0.397014925,0.373134328,0.826472382
3,20,32,3,0.85,,0,0,0,0,0.269253103,0.554237638,0,0,0,0,0.102941176,0.5,0.441176471,0.397058824,0.823490741
3,5,256,1,0.85,,0,0,0,0,0.295962792,0.52372376,0,0,0,0,0.147058824,0.514705882,0.444117647,0.367647059,0.819686553
3,5,64,3,0.85,,0,0,0,0,0.255462653,0.563674777,0,0,0,0,0.117647059,0.514705882,0.452941176,0.397058824,0.81913743
7,80,32,3,0.85,,0,0,0,0,0.287597641,0.53131985,0,0,0,0,0.104477612,0.462686567,0.423880597,0.358208955,0.818917491
14,80,16,2,0.85,,0,0,0,0,0.20298664,0.615520983,0,0,0,0,0.090909091,0.515151515,0.466666667,0.424242424,0.818507623
1,50,128,2,0.85,,0,0,0,0,0.209401709,0.541700857,0.066666667,0,0,0,0.117647059,0.470588235,0.414705882,0.352941176,0.817769234
1,20,256,2,0.85,,0,0,0,0,0.263051541,0.553512843,0,0,0,0,0.058823529,0.455882353,0.423529412,0.397058824,0.816564384
3,80,128,3,0.85,,0,0,0,0,0.302977227,0.513404549,0,0,0,0,0.117647059,0.470588235,0.408823529,0.352941176,0.816381777
7,50,128,2,0.85,,0,0,0,0,0.307876912,0.505909075,0,0,0,0,0.194029851,0.492537313,0.402985075,0.298507463,0.813785987
1,20,256,3,0.85,,0,0,0,0,0.254715667,0.558029429,0,0,0,0,0.073529412,0.470588235,0.423529412,0.397058824,0.812745096
7,50,32,3,0.85,,0,0,0,0,0.298922757,0.512435458,0,0,0,0,0.134328358,0.47761194,0.417910448,0.343283582,0.811358216
7,20,32,2,0.85,,0,0,0,0,0.284921286,0.525909905,0,0,0,0,0.149253731,0.492537313,0.414925373,0.343283582,0.810831191
3,5,64,2,0.85,,0,0,0,0,0.273106061,0.536125242,0,0,0,0,0.117647059,0.485294118,0.432352941,0.367647059,0.809231303
14,50,16,2,0.85,,0,0,0,0,0.192011312,0.614265008,0,0,0,0,0.090909091,0.5,0.460606061,0.409090909,0.80627632
7,50,32,2,0.85,,0,0,0,0,0.242326378,0.560589475,0,0,0,0,0.164179104,0.507462687,0.429850746,0.343283582,0.802915852
3,20,16,3,0.85,,0,0,0,0,0.236137426,0.558819208,0,0,0,0,0.088235294,0.470588235,0.429411765,0.382352941,0.794956634
1,5,256,3,0.85,,0,0,0,0,0.193896257,0.599884962,0,0,0,0,0.161764706,0.558823529,0.447058824,0.397058824,0.793781218
1,5,64,2,0.85,,0,0,0,0,0.201428571,0.58869991,0,0,0,0,0.161764706,0.544117647,0.441176471,0.382352941,0.790128481
3,5,256,2,0.85,,0,0,0,0,0.302727976,0.486808218,0,0,0,0,0.117647059,0.5,0.435294118,0.382352941,0.789536193
1,80,128,2,0.85,,0,0,0,0,0.208643415,0.580240743,0,0,0,0,0.161764706,0.514705882,0.432352941,0.352941176,0.788884158
1,80,256,2,0.85,,0,0,0,0,0.210733851,0.577175301,0,0,0,0,0.147058824,0.514705882,0.432352941,0.367647059,0.787909152
7,20,16,1,0.85,,0,0,0,0,0.261372497,0.524586637,0,0,0,0,0.104477612,0.462686567,0.402985075,0.358208955,0.785959134
1,5,128,2,0.85,,0,0,0,0,0.216952731,0.568010165,0,0,0,0,0.176470588,0.544117647,0.426470588,0.367647059,0.784962895
1,80,256,3,0.85,,0,0,0,0,0.197775723,0.586722741,0,0,0,0,0.147058824,0.514705882,0.432352941,0.367647059,0.784498464
3,5,128,3,0.85,,0,0,0,0,0.240198307,0.542719865,0,0,0,0,0.073529412,0.5,0.45,0.426470588,0.782918173
14,80,16,1,0.85,,0,0,0,0,0.201030778,0.578352451,0,0,0,0,0.075757576,0.46969697,0.436363636,0.393939394,0.779383229
14,20,16,1,0.85,,0,0,0,0,0.201044547,0.577519257,0,0,0,0,0.075757576,0.484848485,0.439393939,0.409090909,0.778563804
3,5,32,3,0.85,,0,0,0,0,0.219133419,0.556839303,0,0,0,0,0.088235294,0.455882353,0.432352941,0.367647059,0.775972722
7,5,32,3,0.85,,0,0,0,0,0.286433692,0.489369169,0,0,0,0,0.119402985,0.447761194,0.4,0.328358209,0.775802861
1,20,128,2,0.85,,0,0,0,0,0.211871417,0.562914428,0,0,0,0,0.102941176,0.470588235,0.420588235,0.367647059,0.774785845
7,20,32,3,0.85,,0,0,0,0,0.263282007,0.510094193,0,0,0,0,0.149253731,0.47761194,0.4,0.328358209,0.7733762
1,5,64,1,0.85,,0,0,0,0,0.18897471,0.581277534,0,0,0,0,0.161764706,0.544117647,0.435294118,0.382352941,0.770252243
1,5,256,2,0.85,,0,0,0,0,0.193457848,0.576755697,0,0,0,0,0.147058824,0.514705882,0.426470588,0.367647059,0.770213545
1,80,128,3,0.85,,0,0,0,0,0.183831479,0.583559812,0,0,0,0,0.191176471,0.544117647,0.432352941,0.352941176,0.76739129
1,50,64,2,0.85,,0,0,0,0,0.155692308,0.544699413,0.066666667,0,0,0,0.088235294,0.455882353,0.414705882,0.367647059,0.767058388
1,50,256,3,0.85,,0,0,0,0,0.221041805,0.543735254,0,0,0,0,0.117647059,0.470588235,0.417647059,0.352941176,0.764777059
7,80,16,3,0.85,,0,0,0,0,0.20287436,0.559044507,0,0,0,0,0.149253731,0.47761194,0.414925373,0.328358209,0.761918867
14,50,16,1,0.85,,0,0,0,0,0.167871229,0.591725134,0,0,0,0,0.090909091,0.484848485,0.442424242,0.393939394,0.759596363
1,50,256,2,0.85,,0,0,0,0,0.220704266,0.538781373,0,0,0,0,0.102941176,0.470588235,0.411764706,0.367647059,0.759485639
3,5,16,3,0.85,,0,0,0,0,0.16395664,0.593140572,0,0,0,0,0.117647059,0.485294118,0.435294118,0.367647059,0.757097212
1,5,128,1,0.85,,0,0,0,0,0.200393149,0.556605663,0,0,0,0,0.088235294,0.470588235,0.414705882,0.382352941,0.756998813
1,20,128,3,0.85,,0,0,0,0,0.201844666,0.554827672,0,0,0,0,0.117647059,0.485294118,0.414705882,0.367647059,0.756672338
1,5,64,3,0.85,,0,0,0,0,0.177073171,0.57737659,0,0,0,0,0.161764706,0.514705882,0.429411765,0.352941176,0.754449761
1,5,256,1,0.85,,0,0,0,0,0.208757572,0.544487414,0,0,0,0,0.029411765,0.426470588,0.408823529,0.397058824,0.753244986
14,5,16,3,0.85,,0,0,0,0,0.189300938,0.560867281,0,0,0,0,0.045454545,0.439393939,0.421212121,0.393939394,0.750168219
1,5,32,1,0.85,,0,0,0,0,0.161028548,0.588822368,0,0,0,0,0.191176471,0.558823529,0.438235294,0.367647059,0.749850916
1,80,256,1,0.85,,0,0,0,0,0.159057363,0.590233712,0,0,0,0,0.205882353,0.558823529,0.438235294,0.352941176,0.749291075
7,50,16,1,0.85,,0,0,0,0,0.188862876,0.554509054,0,0,0,0,0.104477612,0.462686567,0.411940299,0.358208955,0.74337193
1,50,128,3,0.85,,0,0,0,0,0.200904977,0.539477124,0,0,0,0,0.088235294,0.455882353,0.411764706,0.367647059,0.740382101
14,50,16,3,0.85,,0,0,0,0,0.14291591,0.595382816,0,0,0,0,0.060606061,0.454545455,0.439393939,0.393939394,0.738298726
7,50,16,3,0.85,,0,0,0,0,0.157400394,0.579347709,0,0,0,0,0.164179104,0.492537313,0.417910448,0.328358209,0.736748103
7,5,16,3,0.85,,0,0,0,0,0.194624506,0.541106263,0,0,0,0,0.119402985,0.447761194,0.408955224,0.328358209,0.735730769
7,20,16,3,0.85,,0,0,0,0,0.18244582,0.550586834,0,0,0,0,0.164179104,0.492537313,0.402985075,0.328358209,0.733032654
1,80,128,1,0.85,,0,0,0,0,0.140856775,0.584282216,0,0,0,0,0.176470588,0.529411765,0.429411765,0.352941176,0.725138991
7,80,16,1,0.85,,0,0,0,0,0.186346567,0.536416658,0,0,0,0,0.089552239,0.447761194,0.4,0.358208955,0.722763225
1,80,64,2,0.85,,0,0,0,0,0.132485427,0.586593116,0,0,0,0,0.161764706,0.529411765,0.432352941,0.367647059,0.719078543
1,5,32,3,0.85,,0,0,0,0,0.136900463,0.580520643,0,0,0,0,0.117647059,0.5,0.426470588,0.382352941,0.717421106
14,20,16,3,0.85,,0,0,0,0,0.097751711,0.612447475,0,0,0,0,0.060606061,0.46969697,0.445454545,0.409090909,0.710199185
1,80,32,3,0.85,,0,0,0,0,0.113831479,0.594248542,0,0,0,0,0.102941176,0.5,0.435294118,0.397058824,0.70808002
1,20,16,1,0.85,,0,0,0,0,0.123895324,0.583803036,0,0,0,0,0.161764706,0.529411765,0.429411765,0.367647059,0.70769836
1,50,256,1,0.85,,0,0,0,0,0.174047687,0.52836386,0,0,0,0,0.088235294,0.441176471,0.394117647,0.352941176,0.702411547
1,20,64,3,0.85,,0,0,0,0,0.148848485,0.552850877,0,0,0,0,0.029411765,0.426470588,0.414705882,0.397058824,0.701699362
1,80,64,1,0.85,,0,0,0,0,0.108763505,0.592273727,0,0,0,0,0.147058824,0.514705882,0.432352941,0.367647059,0.701037233
1,20,64,1,0.85,,0,0,0,0,0.12991453,0.570908148,0,0,0,0,0.117647059,0.470588235,0.420588235,0.352941176,0.700822678
1,80,64,3,0.85,,0,0,0,0,0.101165501,0.598549442,0,0,0,0,0.117647059,0.5,0.435294118,0.382352941,0.699714943
1,80,32,1,0.85,,0,0,0,0,0.10060024,0.595385143,0,0,0,0,0.132352941,0.514705882,0.432352941,0.382352941,0.695985383
1,20,32,3,0.85,,0,0,0,0,0.116736597,0.578123669,0,0,0,0,0.147058824,0.5,0.420588235,0.352941176,0.694860265
1,20,64,2,0.85,,0,0,0,0,0.130655772,0.563691002,0,0,0,0,0.073529412,0.441176471,0.411764706,0.367647059,0.694346775
7,20,16,2,0.85,,0,0,0,0,0.141163752,0.549958642,0,0,0,0,0.104477612,0.447761194,0.402985075,0.343283582,0.691122394
1,50,32,2,0.85,,0,0,0,0,0.153979592,0.536977732,0,0,0,0,0.073529412,0.441176471,0.408823529,0.367647059,0.690957324
1,5,16,1,0.85,,0,0,0,0,0.094444444,0.593980804,0,0,0,0,0.102941176,0.5,0.432352941,0.397058824,0.688425249
1,50,32,1,0.85,,0,0,0,0,0.155,0.532954203,0,0,0,0,0.058823529,0.426470588,0.408823529,0.367647059,0.687954203
1,20,256,1,0.85,,0,0,0,0,0.133429858,0.554357088,0,0,0,0,0.058823529,0.426470588,0.402941176,0.367647059,0.687786947
1,50,32,3,0.85,,0,0,0,0,0.146449295,0.541176432,0,0,0,0,0.073529412,0.441176471,0.408823529,0.367647059,0.687625727
1,50,128,1,0.85,,0,0,0,0,0.149622926,0.536815678,0,0,0,0,0.073529412,0.441176471,0.402941176,0.367647059,0.686438604
1,20,128,1,0.85,,0,0,0,0,0.129831526,0.555439277,0,0,0,0,0.058823529,0.426470588,0.405882353,0.367647059,0.685270804
1,50,64,1,0.85,,0,0,0,0,0.142736842,0.539549082,0,0,0,0,0.058823529,0.426470588,0.402941176,0.367647059,0.682285925
1,5,16,3,0.85,,0,0,0,0,0.08989899,0.591911448,0,0,0,0,0.102941176,0.5,0.429411765,0.397058824,0.681810438
7,5,16,2,0.85,,0,0,0,0,0.136635988,0.544946235,0,0,0,0,0.149253731,0.47761194,0.394029851,0.328358209,0.681582223
1,50,64,3,0.85,,0,0,0,0,0.135555556,0.542431875,0,0,0,0,0.058823529,0.426470588,0.402941176,0.367647059,0.67798743
1,20,16,2,0.85,,0,0,0,0,0.091803279,0.585532832,0,0,0,0,0.102941176,0.5,0.435294118,0.397058824,0.67733611
1,20,32,1,0.85,,0,0,0,0,0.129036635,0.548161748,0,0,0,0,0.058823529,0.426470588,0.405882353,0.367647059,0.677198383
1,20,16,3,0.85,,0,0,0,0,0.105882353,0.5663779,0,0,0,0,0.088235294,0.470588235,0.420588235,0.382352941,0.672260253
1,20,32,2,0.85,,0,0,0,0,0.104779412,0.566609753,0,0,0,0,0.117647059,0.485294118,0.417647059,0.367647059,0.671389165
7,80,16,2,0.85,,0,0,0,0,0.10962963,0.560784249,0,0,0,0,0.119402985,0.447761194,0.402985075,0.328358209,0.670413879
1,50,16,1,0.85,,0,0,0,0,0.13799458,0.530139007,0,0,0,0,0.044117647,0.426470588,0.408823529,0.382352941,0.668133587
1,80,16,2,0.85,,0,0,0,0,0.072727273,0.595087752,0,0,0,0,0.102941176,0.5,0.435294118,0.397058824,0.667815025
1,5,32,2,0.85,,0,0,0,0,0.073333333,0.588945495,0,0,0,0,0.147058824,0.5,0.426470588,0.352941176,0.662278828
3,80,16,3,0.85,,0,0,0,0,0.080653061,0.58151059,0,0,0,0,0.102941176,0.455882353,0.402941176,0.352941176,0.662163651
1,80,32,2,0.85,,0,0,0,0,0.068085106,0.589568122,0,0,0,0,0.102941176,0.485294118,0.426470588,0.382352941,0.657653229
1,50,16,3,0.85,,0,0,0,0,0.15,0.502079029,0,0,0,0,0.132352941,0.485294118,0.417647059,0.352941176,0.652079029
1,80,16,1,0.85,,0,0,0,0,0.046621622,0.602343005,0,0,0,0,0.102941176,0.5,0.429411765,0.397058824,0.648964627
1,50,16,2,0.85,,0,0,0,0,0.126149425,0.522788964,0,0,0,0,0.147058824,0.514705882,0.423529412,0.367647059,0.648938389
1,5,16,2,0.85,,0,0,0,0,0.05,0.595702842,0,0,0,0,0.088235294,0.485294118,0.429411765,0.397058824,0.645702842
7,50,16,2,0.85,,0,0,0,0,0.081904762,0.561084369,0,0,0,0,0.119402985,0.447761194,0.397014925,0.328358209,0.64298913
1,80,16,3,0.85,,0,0,0,0,0.044444444,0.588328093,0,0,0,0,0.073529412,0.455882353,0.417647059,0.382352941,0.632772537
